{
    "tasks": [{
            "id": "C0",
            "task_size": 7083,
            "parent_id": ["C21",
                "C12",
                "C23",
                "C10",
                "C25",
                "C6",
                "C17",
                "C27",
                "C4",
                "C15",
                "C29",
                "C8",
                "C19"
            ]
        },
        {
            "id": "C1",
            "task_size": 2922,
            "parent_id": ["C5",
                "C3",
                "C9",
                "C7",
                "C20",
                "C22",
                "C11",
                "C24",
                "C16",
                "C26",
                "C14",
                "C28",
                "C18"
            ]
        },
        { "id": "C2", "task_size": 7782, "parent_id": [] },
        { "id": "C3", "task_size": 4680, "parent_id": ["C2"] },
        { "id": "C4", "task_size": 3155, "parent_id": ["C3"] },
        { "id": "C5", "task_size": 4629, "parent_id": ["C2"] },
        { "id": "C6", "task_size": 4126, "parent_id": ["C5"] },
        { "id": "C7", "task_size": 8304, "parent_id": ["C2"] },
        { "id": "C8", "task_size": 5794, "parent_id": ["C7"] },
        { "id": "C9", "task_size": 1273, "parent_id": ["C2"] },
        { "id": "C10", "task_size": 1824, "parent_id": ["C9"] },
        { "id": "C11", "task_size": 2499, "parent_id": ["C2"] },
        { "id": "C12", "task_size": 5190, "parent_id": ["C11"] },
        { "id": "C13", "task_size": 5574, "parent_id": [] },
        { "id": "C14", "task_size": 8889, "parent_id": ["C13"] },
        { "id": "C15", "task_size": 3025, "parent_id": ["C14"] },
        { "id": "C16", "task_size": 6743, "parent_id": ["C13"] },
        { "id": "C17", "task_size": 2159, "parent_id": ["C16"] },
        { "id": "C18", "task_size": 1639, "parent_id": ["C13"] },
        { "id": "C19", "task_size": 1311, "parent_id": ["C18"] },
        { "id": "C20", "task_size": 6115, "parent_id": ["C13"] },
        { "id": "C21", "task_size": 5618, "parent_id": ["C20"] },
        { "id": "C22", "task_size": 2872, "parent_id": ["C13"] },
        { "id": "C23", "task_size": 2054, "parent_id": ["C22"] },
        { "id": "C24", "task_size": 2567, "parent_id": ["C13"] },
        { "id": "C25", "task_size": 5329, "parent_id": ["C24"] },
        { "id": "C26", "task_size": 7832, "parent_id": ["C13"] },
        { "id": "C27", "task_size": 3580, "parent_id": ["C26"] },
        { "id": "C28", "task_size": 6918, "parent_id": ["C13"] },
        { "id": "C29", "task_size": 9883, "parent_id": ["C28"] }

    ]
}