{
    "tasks": [{
            "id": "C0",
            "task_size": 8320,
            "parent_id": ["C95",
                "C71",
                "C97",
                "C99",
                "C6",
                "C4",
                "C8",
                "C34",
                "C59",
                "C32",
                "C12",
                "C30",
                "C10",
                "C79",
                "C53",
                "C16",
                "C77",
                "C14",
                "C51",
                "C91",
                "C75",
                "C57",
                "C38",
                "C93",
                "C73",
                "C55",
                "C18",
                "C36",
                "C81",
                "C69",
                "C44",
                "C20",
                "C46",
                "C22",
                "C40",
                "C24",
                "C42",
                "C87",
                "C61",
                "C26",
                "C89",
                "C63",
                "C28",
                "C83",
                "C65",
                "C49",
                "C85",
                "C67"
            ]
        },
        {
            "id": "C1",
            "task_size": 4755,
            "parent_id": ["C94",
                "C70",
                "C96",
                "C98",
                "C5",
                "C3",
                "C9",
                "C7",
                "C35",
                "C58",
                "C33",
                "C13",
                "C31",
                "C11",
                "C78",
                "C52",
                "C17",
                "C76",
                "C15",
                "C50",
                "C90",
                "C74",
                "C56",
                "C39",
                "C92",
                "C72",
                "C54",
                "C19",
                "C37",
                "C80",
                "C82",
                "C60",
                "C43",
                "C45",
                "C21",
                "C23",
                "C41",
                "C88",
                "C62",
                "C25",
                "C64",
                "C27",
                "C84",
                "C66",
                "C29",
                "C48",
                "C86",
                "C68"
            ]
        },
        { "id": "C2", "task_size": 1779, "parent_id": [] },
        { "id": "C3", "task_size": 7182, "parent_id": ["C2"] },
        { "id": "C4", "task_size": 1720, "parent_id": ["C3"] },
        { "id": "C5", "task_size": 3149, "parent_id": ["C2"] },
        { "id": "C6", "task_size": 4388, "parent_id": ["C5"] },
        { "id": "C7", "task_size": 3551, "parent_id": ["C2"] },
        { "id": "C8", "task_size": 7400, "parent_id": ["C7"] },
        { "id": "C9", "task_size": 8584, "parent_id": ["C2"] },
        { "id": "C10", "task_size": 5592, "parent_id": ["C9"] },
        { "id": "C11", "task_size": 4331, "parent_id": ["C2"] },
        { "id": "C12", "task_size": 6640, "parent_id": ["C11"] },
        { "id": "C13", "task_size": 3175, "parent_id": ["C2"] },
        { "id": "C14", "task_size": 4753, "parent_id": ["C13"] },
        { "id": "C15", "task_size": 6864, "parent_id": ["C2"] },
        { "id": "C16", "task_size": 6973, "parent_id": ["C15"] },
        { "id": "C17", "task_size": 5322, "parent_id": ["C2"] },
        { "id": "C18", "task_size": 1687, "parent_id": ["C17"] },
        { "id": "C19", "task_size": 6046, "parent_id": ["C2"] },
        { "id": "C20", "task_size": 4012, "parent_id": ["C19"] },
        { "id": "C21", "task_size": 3582, "parent_id": ["C2"] },
        { "id": "C22", "task_size": 2500, "parent_id": ["C21"] },
        { "id": "C23", "task_size": 9110, "parent_id": ["C2"] },
        { "id": "C24", "task_size": 4146, "parent_id": ["C23"] },
        { "id": "C25", "task_size": 1668, "parent_id": ["C2"] },
        { "id": "C26", "task_size": 9266, "parent_id": ["C25"] },
        { "id": "C27", "task_size": 9167, "parent_id": ["C2"] },
        { "id": "C28", "task_size": 7349, "parent_id": ["C27"] },
        { "id": "C29", "task_size": 7251, "parent_id": ["C2"] },
        { "id": "C30", "task_size": 8346, "parent_id": ["C29"] },
        { "id": "C31", "task_size": 1944, "parent_id": ["C2"] },
        { "id": "C32", "task_size": 6134, "parent_id": ["C31"] },
        { "id": "C33", "task_size": 5386, "parent_id": ["C2"] },
        { "id": "C34", "task_size": 8698, "parent_id": ["C33"] },
        { "id": "C35", "task_size": 7800, "parent_id": ["C2"] },
        { "id": "C36", "task_size": 6991, "parent_id": ["C35"] },
        { "id": "C37", "task_size": 380, "parent_id": ["C2"] },
        { "id": "C38", "task_size": 923, "parent_id": ["C37"] },
        { "id": "C39", "task_size": 8661, "parent_id": ["C2"] },
        { "id": "C40", "task_size": 2595, "parent_id": ["C39"] },
        { "id": "C41", "task_size": 2519, "parent_id": ["C2"] },
        { "id": "C42", "task_size": 3776, "parent_id": ["C41"] },
        { "id": "C43", "task_size": 5537, "parent_id": ["C2"] },
        { "id": "C44", "task_size": 8547, "parent_id": ["C43"] },
        { "id": "C45", "task_size": 9577, "parent_id": ["C2"] },
        { "id": "C46", "task_size": 7479, "parent_id": ["C45"] },
        { "id": "C47", "task_size": 9417, "parent_id": [] },
        { "id": "C48", "task_size": 7425, "parent_id": ["C47"] },
        { "id": "C49", "task_size": 785, "parent_id": ["C48"] },
        { "id": "C50", "task_size": 8142, "parent_id": ["C47"] },
        { "id": "C51", "task_size": 8114, "parent_id": ["C50"] },
        { "id": "C52", "task_size": 2089, "parent_id": ["C47"] },
        { "id": "C53", "task_size": 5456, "parent_id": ["C52"] },
        { "id": "C54", "task_size": 919, "parent_id": ["C47"] },
        { "id": "C55", "task_size": 9386, "parent_id": ["C54"] },
        { "id": "C56", "task_size": 9919, "parent_id": ["C47"] },
        { "id": "C57", "task_size": 1929, "parent_id": ["C56"] },
        { "id": "C58", "task_size": 649, "parent_id": ["C47"] },
        { "id": "C59", "task_size": 3227, "parent_id": ["C58"] },
        { "id": "C60", "task_size": 4369, "parent_id": ["C47"] },
        { "id": "C61", "task_size": 8426, "parent_id": ["C60"] },
        { "id": "C62", "task_size": 230, "parent_id": ["C47"] },
        { "id": "C63", "task_size": 4671, "parent_id": ["C62"] },
        { "id": "C64", "task_size": 2719, "parent_id": ["C47"] },
        { "id": "C65", "task_size": 7594, "parent_id": ["C64"] },
        { "id": "C66", "task_size": 8311, "parent_id": ["C47"] },
        { "id": "C67", "task_size": 1794, "parent_id": ["C66"] },
        { "id": "C68", "task_size": 1876, "parent_id": ["C47"] },
        { "id": "C69", "task_size": 5173, "parent_id": ["C68"] },
        { "id": "C70", "task_size": 5030, "parent_id": ["C47"] },
        { "id": "C71", "task_size": 7020, "parent_id": ["C70"] },
        { "id": "C72", "task_size": 7059, "parent_id": ["C47"] },
        { "id": "C73", "task_size": 9384, "parent_id": ["C72"] },
        { "id": "C74", "task_size": 5165, "parent_id": ["C47"] },
        { "id": "C75", "task_size": 7790, "parent_id": ["C74"] },
        { "id": "C76", "task_size": 39, "parent_id": ["C47"] },
        { "id": "C77", "task_size": 4088, "parent_id": ["C76"] },
        { "id": "C78", "task_size": 6115, "parent_id": ["C47"] },
        { "id": "C79", "task_size": 8289, "parent_id": ["C78"] },
        { "id": "C80", "task_size": 3379, "parent_id": ["C47"] },
        { "id": "C81", "task_size": 612, "parent_id": ["C80"] },
        { "id": "C82", "task_size": 9586, "parent_id": ["C47"] },
        { "id": "C83", "task_size": 7100, "parent_id": ["C82"] },
        { "id": "C84", "task_size": 4702, "parent_id": ["C47"] },
        { "id": "C85", "task_size": 8905, "parent_id": ["C84"] },
        { "id": "C86", "task_size": 4686, "parent_id": ["C47"] },
        { "id": "C87", "task_size": 2531, "parent_id": ["C86"] },
        { "id": "C88", "task_size": 3329, "parent_id": ["C47"] },
        { "id": "C89", "task_size": 76, "parent_id": ["C88"] },
        { "id": "C90", "task_size": 5111, "parent_id": ["C47"] },
        { "id": "C91", "task_size": 3706, "parent_id": ["C90"] },
        { "id": "C92", "task_size": 6079, "parent_id": ["C47"] },
        { "id": "C93", "task_size": 3672, "parent_id": ["C92"] },
        { "id": "C94", "task_size": 228, "parent_id": ["C47"] },
        { "id": "C95", "task_size": 9872, "parent_id": ["C94"] },
        { "id": "C96", "task_size": 7352, "parent_id": ["C47"] },
        { "id": "C97", "task_size": 3135, "parent_id": ["C96"] },
        { "id": "C98", "task_size": 210, "parent_id": ["C47"] },
        { "id": "C99", "task_size": 2503, "parent_id": ["C98"] }
    ]
}