{
    "tasks": [

        {
            "id": "C0",
            "task_size": 6024,
            "parent_id": ["C6",
                "C4",
                "C8",
                "C43",
                "C35",
                "C45",
                "C33",
                "C20",
                "C12",
                "C31",
                "C22",
                "C41",
                "C10",
                "C24",
                "C16",
                "C14",
                "C27",
                "C47",
                "C29",
                "C39",
                "C49",
                "C18",
                "C37"
            ]
        },
        {
            "id": "C1",
            "task_size": 3063,
            "parent_id": ["C5",
                "C3",
                "C9",
                "C7",
                "C34",
                "C44",
                "C32",
                "C46",
                "C30",
                "C21",
                "C40",
                "C13",
                "C23",
                "C42",
                "C11",
                "C17",
                "C26",
                "C28",
                "C15",
                "C38",
                "C48",
                "C36",
                "C19"
            ]
        },
        { "id": "C2", "task_size": 516, "parent_id": [] },
        { "id": "C3", "task_size": 9328, "parent_id": ["C2"] },
        { "id": "C4", "task_size": 8767, "parent_id": ["C3"] },
        { "id": "C5", "task_size": 7540, "parent_id": ["C2"] },
        { "id": "C6", "task_size": 9033, "parent_id": ["C5"] },
        { "id": "C7", "task_size": 8548, "parent_id": ["C2"] },
        { "id": "C8", "task_size": 6656, "parent_id": ["C7"] },
        { "id": "C9", "task_size": 2381, "parent_id": ["C2"] },
        { "id": "C10", "task_size": 7794, "parent_id": ["C9"] },
        { "id": "C11", "task_size": 3110, "parent_id": ["C2"] },
        { "id": "C12", "task_size": 8093, "parent_id": ["C11"] },
        { "id": "C13", "task_size": 9394, "parent_id": ["C2"] },
        { "id": "C14", "task_size": 4799, "parent_id": ["C13"] },
        { "id": "C15", "task_size": 6750, "parent_id": ["C2"] },
        { "id": "C16", "task_size": 6415, "parent_id": ["C15"] },
        { "id": "C17", "task_size": 5650, "parent_id": ["C2"] },
        { "id": "C18", "task_size": 9357, "parent_id": ["C17"] },
        { "id": "C19", "task_size": 4813, "parent_id": ["C2"] },
        { "id": "C20", "task_size": 1135, "parent_id": ["C19"] },
        { "id": "C21", "task_size": 4139, "parent_id": ["C2"] },
        { "id": "C22", "task_size": 7211, "parent_id": ["C21"] },
        { "id": "C23", "task_size": 2508, "parent_id": ["C2"] },
        { "id": "C24", "task_size": 2344, "parent_id": ["C23"] },
        { "id": "C25", "task_size": 2346, "parent_id": [] },
        { "id": "C26", "task_size": 7956, "parent_id": ["C25"] },
        { "id": "C27", "task_size": 5831, "parent_id": ["C26"] },
        { "id": "C28", "task_size": 869, "parent_id": ["C25"] },
        { "id": "C29", "task_size": 5407, "parent_id": ["C28"] },
        { "id": "C30", "task_size": 716, "parent_id": ["C25"] },
        { "id": "C31", "task_size": 5373, "parent_id": ["C30"] },
        { "id": "C32", "task_size": 1998, "parent_id": ["C25"] },
        { "id": "C33", "task_size": 1590, "parent_id": ["C32"] },
        { "id": "C34", "task_size": 538, "parent_id": ["C25"] },
        { "id": "C35", "task_size": 6496, "parent_id": ["C34"] },
        { "id": "C36", "task_size": 7323, "parent_id": ["C25"] },
        { "id": "C37", "task_size": 2332, "parent_id": ["C36"] },
        { "id": "C38", "task_size": 3232, "parent_id": ["C25"] },
        { "id": "C39", "task_size": 598, "parent_id": ["C38"] },
        { "id": "C40", "task_size": 4682, "parent_id": ["C25"] },
        { "id": "C41", "task_size": 1078, "parent_id": ["C40"] },
        { "id": "C42", "task_size": 921, "parent_id": ["C25"] },
        { "id": "C43", "task_size": 5431, "parent_id": ["C42"] },
        { "id": "C44", "task_size": 4538, "parent_id": ["C25"] },
        { "id": "C45", "task_size": 2581, "parent_id": ["C44"] },
        { "id": "C46", "task_size": 2966, "parent_id": ["C25"] },
        { "id": "C47", "task_size": 2993, "parent_id": ["C46"] },
        { "id": "C48", "task_size": 4695, "parent_id": ["C25"] },
        { "id": "C49", "task_size": 508, "parent_id": ["C48"] }
    ]
}