{
    "tasks": [{ "id": "E0", "task_size": 72234, "parent_id": [] },
        { "id": "E1", "task_size": 66346, "parent_id": ["E0"] },
        { "id": "E2", "task_size": 40448, "parent_id": ["E0"] },
        { "id": "E3", "task_size": 33786, "parent_id": ["E0"] },
        { "id": "E4", "task_size": 89468, "parent_id": ["E0"] },
        { "id": "E5", "task_size": 52920, "parent_id": ["E0"] },
        { "id": "E6", "task_size": 16489, "parent_id": ["E0"] },
        { "id": "E7", "task_size": 30123, "parent_id": ["E0"] },
        { "id": "E8", "task_size": 27347, "parent_id": ["E0"] },
        { "id": "E9", "task_size": 12362, "parent_id": ["E0"] },
        { "id": "E10", "task_size": 87275, "parent_id": ["E0"] },
        { "id": "E11", "task_size": 84632, "parent_id": ["E0"] },
        { "id": "E12", "task_size": 56069, "parent_id": ["E0"] },
        { "id": "E13", "task_size": 23190, "parent_id": ["E0"] },
        { "id": "E14", "task_size": 69664, "parent_id": ["E0"] },
        { "id": "E15", "task_size": 28468, "parent_id": ["E0"] },
        { "id": "E16", "task_size": 2842, "parent_id": ["E0"] },
        { "id": "E17", "task_size": 41117, "parent_id": ["E0"] },
        { "id": "E18", "task_size": 78630, "parent_id": ["E0"] },
        { "id": "E19", "task_size": 28823, "parent_id": ["E0"] },
        { "id": "E20", "task_size": 12528, "parent_id": ["E0"] },
        { "id": "E21", "task_size": 96985, "parent_id": ["E0"] },
        { "id": "E22", "task_size": 2353, "parent_id": ["E0"] },
        { "id": "E23", "task_size": 19108, "parent_id": ["E0"] },
        { "id": "E24", "task_size": 27549, "parent_id": ["E0"] },
        { "id": "E25", "task_size": 88903, "parent_id": ["E1"] },
        { "id": "E26", "task_size": 73749, "parent_id": ["E2"] },
        { "id": "E27", "task_size": 10431, "parent_id": ["E3"] },
        { "id": "E28", "task_size": 26417, "parent_id": ["E4"] },
        { "id": "E29", "task_size": 53817, "parent_id": ["E5"] },
        { "id": "E30", "task_size": 34207, "parent_id": ["E6"] },
        { "id": "E31", "task_size": 80353, "parent_id": ["E7"] },
        { "id": "E32", "task_size": 23292, "parent_id": ["E8"] },
        { "id": "E33", "task_size": 13675, "parent_id": ["E9"] },
        { "id": "E34", "task_size": 80733, "parent_id": ["E10"] },
        { "id": "E35", "task_size": 97567, "parent_id": ["E11"] },
        { "id": "E36", "task_size": 53629, "parent_id": ["E12"] },
        { "id": "E37", "task_size": 58136, "parent_id": ["E13"] },
        { "id": "E38", "task_size": 70056, "parent_id": ["E14"] },
        { "id": "E39", "task_size": 79727, "parent_id": ["E15"] },
        { "id": "E40", "task_size": 91181, "parent_id": ["E16"] },
        { "id": "E41", "task_size": 3748, "parent_id": ["E17"] },
        { "id": "E42", "task_size": 73845, "parent_id": ["E18"] },
        { "id": "E43", "task_size": 81546, "parent_id": ["E19"] },
        { "id": "E44", "task_size": 41036, "parent_id": ["E20"] },
        { "id": "E45", "task_size": 21351, "parent_id": ["E21"] },
        { "id": "E46", "task_size": 4089, "parent_id": ["E22"] },
        { "id": "E47", "task_size": 48316, "parent_id": ["E23"] },
        { "id": "E48", "task_size": 62987, "parent_id": ["E24"] },
        { "id": "E49", "task_size": 49361, "parent_id": ["E25"] },
        { "id": "E50", "task_size": 34949, "parent_id": ["E26"] },
        { "id": "E51", "task_size": 96653, "parent_id": ["E27"] },
        { "id": "E52", "task_size": 48688, "parent_id": ["E28"] },
        { "id": "E53", "task_size": 78183, "parent_id": ["E29"] },
        { "id": "E54", "task_size": 1886, "parent_id": ["E30"] },
        { "id": "E55", "task_size": 85493, "parent_id": ["E31"] },
        { "id": "E56", "task_size": 53723, "parent_id": ["E32"] },
        { "id": "E57", "task_size": 42552, "parent_id": ["E33"] },
        { "id": "E58", "task_size": 82399, "parent_id": ["E34"] },
        { "id": "E59", "task_size": 44179, "parent_id": ["E35"] },
        { "id": "E60", "task_size": 84499, "parent_id": ["E36"] },
        { "id": "E61", "task_size": 87538, "parent_id": ["E37"] },
        { "id": "E62", "task_size": 98567, "parent_id": ["E38"] },
        { "id": "E63", "task_size": 57857, "parent_id": ["E39"] },
        { "id": "E64", "task_size": 10463, "parent_id": ["E40"] },
        { "id": "E65", "task_size": 1857, "parent_id": ["E41"] },
        { "id": "E66", "task_size": 81837, "parent_id": ["E42"] },
        { "id": "E67", "task_size": 38130, "parent_id": ["E43"] },
        { "id": "E68", "task_size": 61779, "parent_id": ["E44"] },
        { "id": "E69", "task_size": 12161, "parent_id": ["E45"] },
        { "id": "E70", "task_size": 48641, "parent_id": ["E46"] },
        { "id": "E71", "task_size": 32821, "parent_id": ["E47"] },
        { "id": "E72", "task_size": 81156, "parent_id": ["E48"] },
        { "id": "E73", "task_size": 54675, "parent_id": ["E49"] },
        { "id": "E74", "task_size": 24040, "parent_id": ["E50"] },
        { "id": "E75", "task_size": 89983, "parent_id": ["E51"] },
        { "id": "E76", "task_size": 40758, "parent_id": ["E52"] },
        { "id": "E77", "task_size": 20036, "parent_id": ["E53"] },
        { "id": "E78", "task_size": 69478, "parent_id": ["E54"] },
        { "id": "E79", "task_size": 51472, "parent_id": ["E55"] },
        { "id": "E80", "task_size": 27113, "parent_id": ["E56"] },
        { "id": "E81", "task_size": 94953, "parent_id": ["E57"] },
        { "id": "E82", "task_size": 43515, "parent_id": ["E58"] },
        { "id": "E83", "task_size": 28112, "parent_id": ["E59"] },
        { "id": "E84", "task_size": 69316, "parent_id": ["E60"] },
        { "id": "E85", "task_size": 26348, "parent_id": ["E61"] },
        { "id": "E86", "task_size": 4458, "parent_id": ["E62"] },
        { "id": "E87", "task_size": 3150, "parent_id": ["E63"] },
        { "id": "E88", "task_size": 3768, "parent_id": ["E64"] },
        { "id": "E89", "task_size": 25462, "parent_id": ["E65"] },
        { "id": "E90", "task_size": 29019, "parent_id": ["E66"] },
        { "id": "E91", "task_size": 34863, "parent_id": ["E67"] },
        { "id": "E92", "task_size": 86866, "parent_id": ["E68"] },
        { "id": "E93", "task_size": 96334, "parent_id": ["E69"] },
        { "id": "E94", "task_size": 3701, "parent_id": ["E70"] },
        { "id": "E95", "task_size": 54747, "parent_id": ["E71"] },
        { "id": "E96", "task_size": 77847, "parent_id": ["E72"] },
        {
            "id": "E97",
            "task_size": 84005,
            "parent_id": ["E94",
                "E95",
                "E80",
                "E96",
                "E81",
                "E82",
                "E88",
                "E79",
                "E87",
                "E78",
                "E77",
                "E89",
                "E76",
                "E91",
                "E75",
                "E84",
                "E90",
                "E74",
                "E83",
                "E93",
                "E86",
                "E73",
                "E92",
                "E85"
            ]
        },
        { "id": "E98", "task_size": 38402, "parent_id": ["E97"] },
        { "id": "E99", "task_size": 41760, "parent_id": ["E98"] }

    ]
}