{
    "tasks": [{ "id": "I0", "task_size": 4594, "parent_id": [] },
        { "id": "I1", "task_size": 337, "parent_id": [] },
        { "id": "I2", "task_size": 7494, "parent_id": [] },
        { "id": "I3", "task_size": 5497, "parent_id": [] },
        { "id": "I4", "task_size": 4532, "parent_id": [] },
        { "id": "I5", "task_size": 550, "parent_id": [] },
        { "id": "I6", "task_size": 636, "parent_id": [] },
        { "id": "I7", "task_size": 514, "parent_id": [] },
        { "id": "I8", "task_size": 7616, "parent_id": [] },
        { "id": "I9", "task_size": 2957, "parent_id": [] },
        { "id": "I10", "task_size": 9537, "parent_id": [] },
        { "id": "I11", "task_size": 2225, "parent_id": [] },
        { "id": "I12", "task_size": 786, "parent_id": [] },
        { "id": "I13", "task_size": 7729, "parent_id": [] },
        { "id": "I14", "task_size": 7636, "parent_id": [] },
        { "id": "I15", "task_size": 5281, "parent_id": [] },
        { "id": "I16", "task_size": 9113, "parent_id": [] },
        { "id": "I17", "task_size": 5560, "parent_id": [] },
        { "id": "I18", "task_size": 7034, "parent_id": [] },
        { "id": "I19", "task_size": 7722, "parent_id": [] },
        { "id": "I20", "task_size": 6330, "parent_id": [] },
        { "id": "I21", "task_size": 6570, "parent_id": [] },
        { "id": "I22", "task_size": 7148, "parent_id": [] },
        { "id": "I23", "task_size": 3509, "parent_id": ["I0"] },
        { "id": "I24", "task_size": 6554, "parent_id": ["I1"] },
        { "id": "I25", "task_size": 2392, "parent_id": ["I2"] },
        { "id": "I26", "task_size": 8178, "parent_id": ["I3"] },
        { "id": "I27", "task_size": 8928, "parent_id": ["I4"] },
        { "id": "I28", "task_size": 2809, "parent_id": ["I5"] },
        { "id": "I29", "task_size": 8588, "parent_id": ["I6"] },
        { "id": "I30", "task_size": 3034, "parent_id": ["I7"] },
        { "id": "I31", "task_size": 6034, "parent_id": ["I8"] },
        { "id": "I32", "task_size": 7836, "parent_id": ["I9"] },
        { "id": "I33", "task_size": 2922, "parent_id": ["I10"] },
        { "id": "I34", "task_size": 2018, "parent_id": ["I11"] },
        { "id": "I35", "task_size": 5570, "parent_id": ["I12"] },
        { "id": "I36", "task_size": 4215, "parent_id": ["I13"] },
        { "id": "I37", "task_size": 2109, "parent_id": ["I14"] },
        { "id": "I38", "task_size": 8396, "parent_id": ["I15"] },
        { "id": "I39", "task_size": 9892, "parent_id": ["I16"] },
        { "id": "I40", "task_size": 1290, "parent_id": ["I17"] },
        { "id": "I41", "task_size": 6975, "parent_id": ["I18"] },
        { "id": "I42", "task_size": 6179, "parent_id": ["I19"] },
        { "id": "I43", "task_size": 7290, "parent_id": ["I20"] },
        { "id": "I44", "task_size": 3794, "parent_id": ["I21"] },
        { "id": "I45", "task_size": 4108, "parent_id": ["I22"] },
        {
            "id": "I46",
            "task_size": 4241,
            "parent_id": ["I32",
                "I33",
                "I30",
                "I31",
                "I23",
                "I24",
                "I25",
                "I26",
                "I27",
                "I28",
                "I29"
            ]
        },
        {
            "id": "I47",
            "task_size": 2070,
            "parent_id": ["I34",
                "I35",
                "I40",
                "I41",
                "I42",
                "I38",
                "I39",
                "I36",
                "I37"
            ]
        },
        {
            "id": "I48",
            "task_size": 7893,
            "parent_id": ["I43",
                "I44",
                "I45",
                "I42"
            ]
        },
        { "id": "I49", "task_size": 8759, "parent_id": ["I46"] },
        { "id": "I50", "task_size": 6281, "parent_id": ["I46"] },
        { "id": "I51", "task_size": 7906, "parent_id": ["I46"] },
        { "id": "I52", "task_size": 3717, "parent_id": ["I46"] },
        { "id": "I53", "task_size": 6036, "parent_id": ["I46"] },
        { "id": "I54", "task_size": 3098, "parent_id": ["I46"] },
        { "id": "I55", "task_size": 6462, "parent_id": ["I46"] },
        { "id": "I56", "task_size": 7685, "parent_id": ["I46"] },
        { "id": "I57", "task_size": 3958, "parent_id": ["I46"] },
        { "id": "I58", "task_size": 7840, "parent_id": ["I46"] },
        { "id": "I59", "task_size": 7219, "parent_id": ["I46"] },
        { "id": "I60", "task_size": 1308, "parent_id": ["I47"] },
        { "id": "I61", "task_size": 7706, "parent_id": ["I47"] },
        { "id": "I62", "task_size": 3417, "parent_id": ["I47"] },
        { "id": "I63", "task_size": 3082, "parent_id": ["I47"] },
        { "id": "I64", "task_size": 4697, "parent_id": ["I47"] },
        { "id": "I65", "task_size": 6677, "parent_id": ["I47"] },
        { "id": "I66", "task_size": 1229, "parent_id": ["I47"] },
        { "id": "I67", "task_size": 7818, "parent_id": ["I47"] },
        { "id": "I68", "task_size": 5470, "parent_id": ["I48"] },
        { "id": "I69", "task_size": 2703, "parent_id": ["I48"] },
        { "id": "I70", "task_size": 7797, "parent_id": ["I48"] },
        { "id": "I71", "task_size": 7925, "parent_id": ["I48"] },
        { "id": "I72", "task_size": 9239, "parent_id": ["I48"] },
        { "id": "I73", "task_size": 4689, "parent_id": ["I49"] },
        { "id": "I74", "task_size": 647, "parent_id": ["I50"] },
        { "id": "I75", "task_size": 7162, "parent_id": ["I51"] },
        { "id": "I76", "task_size": 8429, "parent_id": ["I52"] },
        { "id": "I77", "task_size": 8676, "parent_id": ["I53"] },
        { "id": "I78", "task_size": 1075, "parent_id": ["I54"] },
        { "id": "I79", "task_size": 9729, "parent_id": ["I55"] },
        { "id": "I80", "task_size": 8428, "parent_id": ["I56"] },
        { "id": "I81", "task_size": 3272, "parent_id": ["I57"] },
        { "id": "I82", "task_size": 3203, "parent_id": ["I58"] },
        { "id": "I83", "task_size": 9584, "parent_id": ["I59"] },
        { "id": "I84", "task_size": 113, "parent_id": ["I60"] },
        { "id": "I85", "task_size": 2949, "parent_id": ["I61"] },
        { "id": "I86", "task_size": 3178, "parent_id": ["I62"] },
        { "id": "I87", "task_size": 4495, "parent_id": ["I63"] },
        { "id": "I88", "task_size": 3721, "parent_id": ["I64"] },
        { "id": "I89", "task_size": 6977, "parent_id": ["I65"] },
        { "id": "I90", "task_size": 9147, "parent_id": ["I66"] },
        { "id": "I91", "task_size": 1443, "parent_id": ["I67"] },
        { "id": "I92", "task_size": 1328, "parent_id": ["I68"] },
        { "id": "I93", "task_size": 760, "parent_id": ["I69"] },
        { "id": "I94", "task_size": 4796, "parent_id": ["I70"] },
        { "id": "I95", "task_size": 8692, "parent_id": ["I71"] },
        { "id": "I96", "task_size": 827, "parent_id": ["I72"] },
        {
            "id": "I97",
            "task_size": 1579,
            "parent_id": ["I80",
                "I81",
                "I82",
                "I79",
                "I78",
                "I77",
                "I76",
                "I75",
                "I83",
                "I74",
                "I73"
            ]
        },
        {
            "id": "I98",
            "task_size": 3276,
            "parent_id": ["I88",
                "I87",
                "I89",
                "I91",
                "I84",
                "I90",
                "I86",
                "I92",
                "I85"
            ]
        },
        {
            "id": "I99",
            "task_size": 1785,
            "parent_id": ["I94",
                "I95",
                "I96",
                "I93"
            ]
        }

    ]
}