{
    "tasks": [
        { "id": "I0", "task_size": 2910, "parent_id": [] },
        { "id": "I1", "task_size": 2270, "parent_id": [] },
        { "id": "I2", "task_size": 4153, "parent_id": [] },
        { "id": "I3", "task_size": 6268, "parent_id": [] },
        { "id": "I4", "task_size": 5068, "parent_id": [] },
        { "id": "I5", "task_size": 3742, "parent_id": [] },
        { "id": "I6", "task_size": 1325, "parent_id": [] },
        { "id": "I7", "task_size": 5286, "parent_id": [] },
        { "id": "I8", "task_size": 136, "parent_id": [] },
        { "id": "I9", "task_size": 7024, "parent_id": [] },
        { "id": "I10", "task_size": 4986, "parent_id": [] },
        { "id": "I11", "task_size": 9987, "parent_id": [] },
        { "id": "I12", "task_size": 1621, "parent_id": ["I0"] },
        { "id": "I13", "task_size": 4666, "parent_id": ["I1"] },
        { "id": "I14", "task_size": 8100, "parent_id": ["I2"] },
        { "id": "I15", "task_size": 8776, "parent_id": ["I3"] },
        { "id": "I16", "task_size": 6803, "parent_id": ["I4"] },
        { "id": "I17", "task_size": 2474, "parent_id": ["I5"] },
        { "id": "I18", "task_size": 9621, "parent_id": ["I6"] },
        { "id": "I19", "task_size": 9701, "parent_id": ["I7"] },
        { "id": "I20", "task_size": 4571, "parent_id": ["I8"] },
        { "id": "I21", "task_size": 5795, "parent_id": ["I9"] },
        { "id": "I22", "task_size": 1826, "parent_id": ["I10"] },
        { "id": "I23", "task_size": 7149, "parent_id": ["I11"] },
        {
            "id": "I24",
            "task_size": 3304,
            "parent_id": ["I20",
                "I21",
                "I12",
                "I22",
                "I13",
                "I23",
                "I16",
                "I17",
                "I14",
                "I15",
                "I18",
                "I19"
            ]
        },
        { "id": "I25", "task_size": 8808, "parent_id": ["I24"] },
        { "id": "I26", "task_size": 2296, "parent_id": ["I24"] },
        { "id": "I27", "task_size": 6034, "parent_id": ["I24"] },
        { "id": "I28", "task_size": 3806, "parent_id": ["I24"] },
        { "id": "I29", "task_size": 3022, "parent_id": ["I24"] },
        { "id": "I30", "task_size": 2579, "parent_id": ["I24"] },
        { "id": "I31", "task_size": 2278, "parent_id": ["I24"] },
        { "id": "I32", "task_size": 5251, "parent_id": ["I24"] },
        { "id": "I33", "task_size": 9492, "parent_id": ["I24"] },
        { "id": "I34", "task_size": 2650, "parent_id": ["I24"] },
        { "id": "I35", "task_size": 1792, "parent_id": ["I24"] },
        { "id": "I36", "task_size": 3075, "parent_id": ["I24"] },
        { "id": "I37", "task_size": 8003, "parent_id": ["I25"] },
        { "id": "I38", "task_size": 7875, "parent_id": ["I26"] },
        { "id": "I39", "task_size": 1256, "parent_id": ["I27"] },
        { "id": "I40", "task_size": 8563, "parent_id": ["I28"] },
        { "id": "I41", "task_size": 9396, "parent_id": ["I29"] },
        { "id": "I42", "task_size": 6723, "parent_id": ["I30"] },
        { "id": "I43", "task_size": 6038, "parent_id": ["I31"] },
        { "id": "I44", "task_size": 9584, "parent_id": ["I32"] },
        { "id": "I45", "task_size": 3953, "parent_id": ["I33"] },
        { "id": "I46", "task_size": 6464, "parent_id": ["I34"] },
        { "id": "I47", "task_size": 4298, "parent_id": ["I35"] },
        { "id": "I48", "task_size": 7131, "parent_id": ["I36"] },
        {
            "id": "I49",
            "task_size": 6398,
            "parent_id": ["I43",
                "I44",
                "I45",
                "I46",
                "I40",
                "I41",
                "I42",
                "I47",
                "I38",
                "I48",
                "I39",
                "I37"
            ]
        }
    ]
}