{
    "tasks": [{ "id": "M0", "task_size": 23028, "parent_id": [] },
        { "id": "M1", "task_size": 10244, "parent_id": [] },
        { "id": "M2", "task_size": 29971, "parent_id": [] },
        { "id": "M3", "task_size": 31647, "parent_id": [] },
        { "id": "M4", "task_size": 26006, "parent_id": [] },
        { "id": "M5", "task_size": 48104, "parent_id": [] },
        { "id": "M6", "task_size": 59835, "parent_id": [] },
        { "id": "M7", "task_size": 31797, "parent_id": [] },
        { "id": "M8", "task_size": 81689, "parent_id": [] },
        { "id": "M9", "task_size": 47976, "parent_id": [] },
        { "id": "M10", "task_size": 38754, "parent_id": [] },
        { "id": "M11", "task_size": 87221, "parent_id": [] },
        { "id": "M12", "task_size": 45125, "parent_id": [] },
        { "id": "M13", "task_size": 98892, "parent_id": [] },
        { "id": "M14", "task_size": 27738, "parent_id": [] },
        { "id": "M15", "task_size": 20428, "parent_id": [] },
        { "id": "M16", "task_size": 64732, "parent_id": ["M1", "M0"] },
        { "id": "M17", "task_size": 54469, "parent_id": ["M0", "M9"] },
        { "id": "M18", "task_size": 90040, "parent_id": ["M0", "M11"] },
        { "id": "M19", "task_size": 21165, "parent_id": ["M13", "M0"] },
        { "id": "M20", "task_size": 27646, "parent_id": ["M1", "M0"] },
        { "id": "M21", "task_size": 88394, "parent_id": ["M1", "M3"] },
        { "id": "M22", "task_size": 886, "parent_id": ["M1", "M6"] },
        { "id": "M23", "task_size": 77646, "parent_id": ["M1", "M7"] },
        { "id": "M24", "task_size": 16902, "parent_id": ["M1", "M8"] },
        { "id": "M25", "task_size": 16898, "parent_id": ["M1", "M9"] },
        { "id": "M26", "task_size": 64058, "parent_id": ["M12", "M1"] },
        { "id": "M27", "task_size": 54875, "parent_id": ["M13", "M1"] },
        { "id": "M28", "task_size": 89770, "parent_id": ["M1", "M15"] },
        { "id": "M29", "task_size": 48472, "parent_id": ["M2", "M3"] },
        { "id": "M30", "task_size": 50685, "parent_id": ["M2", "M6"] },
        { "id": "M31", "task_size": 6720, "parent_id": ["M3", "M7"] },
        { "id": "M32", "task_size": 65065, "parent_id": ["M12", "M3"] },
        { "id": "M33", "task_size": 82061, "parent_id": ["M13", "M3"] },
        { "id": "M34", "task_size": 23873, "parent_id": ["M15", "M3"] },
        { "id": "M35", "task_size": 26183, "parent_id": ["M2", "M4"] },
        { "id": "M36", "task_size": 67633, "parent_id": ["M12", "M4"] },
        { "id": "M37", "task_size": 26742, "parent_id": ["M13", "M4"] },
        { "id": "M38", "task_size": 89759, "parent_id": ["M1", "M5"] },
        { "id": "M39", "task_size": 53695, "parent_id": ["M1", "M6"] },
        { "id": "M40", "task_size": 47160, "parent_id": ["M6", "M4"] },
        { "id": "M41", "task_size": 86019, "parent_id": ["M6", "M8"] },
        { "id": "M42", "task_size": 55554, "parent_id": ["M6", "M9"] },
        { "id": "M43", "task_size": 14213, "parent_id": ["M10", "M6"] },
        { "id": "M44", "task_size": 35715, "parent_id": ["M12", "M6"] },
        { "id": "M45", "task_size": 76832, "parent_id": ["M0", "M7"] },
        { "id": "M46", "task_size": 29980, "parent_id": ["M2", "M7"] },
        { "id": "M47", "task_size": 7230, "parent_id": ["M3", "M7"] },
        { "id": "M48", "task_size": 9600, "parent_id": ["M11", "M7"] },
        { "id": "M49", "task_size": 13384, "parent_id": ["M4", "M8"] },
        { "id": "M50", "task_size": 25855, "parent_id": ["M8", "M7"] },
        { "id": "M51", "task_size": 33153, "parent_id": ["M8"] },
        { "id": "M52", "task_size": 16152, "parent_id": ["M10", "M8"] },
        { "id": "M53", "task_size": 20617, "parent_id": ["M11", "M8"] },
        { "id": "M54", "task_size": 65833, "parent_id": ["M9"] },
        { "id": "M55", "task_size": 9051, "parent_id": ["M1", "M10"] },
        { "id": "M56", "task_size": 7798, "parent_id": ["M10", "M3"] },
        { "id": "M57", "task_size": 64149, "parent_id": ["M10", "M5"] },
        { "id": "M58", "task_size": 62003, "parent_id": ["M10", "M7"] },
        { "id": "M59", "task_size": 53536, "parent_id": ["M10"] },
        { "id": "M60", "task_size": 25642, "parent_id": ["M13", "M10"] },
        { "id": "M61", "task_size": 66588, "parent_id": ["M10", "M14"] },
        { "id": "M62", "task_size": 83403, "parent_id": ["M0", "M11"] },
        { "id": "M63", "task_size": 23257, "parent_id": ["M11", "M8"] },
        { "id": "M64", "task_size": 48810, "parent_id": ["M11", "M14"] },
        { "id": "M65", "task_size": 17968, "parent_id": ["M12", "M4"] },
        { "id": "M66", "task_size": 99704, "parent_id": ["M12"] },
        { "id": "M67", "task_size": 97948, "parent_id": ["M12", "M15"] },
        { "id": "M68", "task_size": 88219, "parent_id": ["M1", "M13"] },
        { "id": "M69", "task_size": 65104, "parent_id": ["M13", "M5"] },
        { "id": "M70", "task_size": 59287, "parent_id": ["M13", "M7"] },
        { "id": "M71", "task_size": 18065, "parent_id": ["M12", "M13"] },
        { "id": "M72", "task_size": 35612, "parent_id": ["M13"] },
        { "id": "M73", "task_size": 70958, "parent_id": ["M2", "M15"] },
        { "id": "M74", "task_size": 87880, "parent_id": ["M3", "M15"] },
        { "id": "M75", "task_size": 44929, "parent_id": ["M15", "M8"] },
        {
            "id": "M76",
            "task_size": 97336,
            "parent_id": ["M11",
                "M15"
            ]
        },
        {
            "id": "M77",
            "task_size": 7273,
            "parent_id": ["M14",
                "M15"
            ]
        },
        {
            "id": "M78",
            "task_size": 3270,
            "parent_id": ["M59",
                "M58",
                "M16",
                "M53",
                "M17",
                "M52",
                "M51",
                "M50",
                "M57",
                "M56",
                "M18",
                "M55",
                "M19",
                "M54",
                "M60",
                "M69",
                "M20",
                "M21",
                "M22",
                "M23",
                "M24",
                "M25",
                "M62",
                "M26",
                "M61",
                "M27",
                "M64",
                "M28",
                "M63",
                "M66",
                "M29",
                "M65",
                "M68",
                "M67",
                "M70",
                "M71",
                "M34",
                "M35",
                "M32",
                "M33",
                "M30",
                "M31",
                "M77",
                "M76",
                "M75",
                "M38",
                "M74",
                "M39",
                "M73",
                "M36",
                "M72",
                "M37",
                "M43",
                "M44",
                "M45",
                "M46",
                "M40",
                "M41",
                "M42",
                "M47",
                "M48",
                "M49"
            ]
        },
        { "id": "M79", "task_size": 91318, "parent_id": ["M78"] },
        {
            "id": "M80",
            "task_size": 41805,
            "parent_id": ["M0",
                "M79"
            ]
        },
        {
            "id": "M81",
            "task_size": 36973,
            "parent_id": ["M1",
                "M79"
            ]
        },
        {
            "id": "M82",
            "task_size": 99583,
            "parent_id": ["M2",
                "M79"
            ]
        },
        {
            "id": "M83",
            "task_size": 49415,
            "parent_id": ["M79",
                "M3"
            ]
        },
        {
            "id": "M84",
            "task_size": 7005,
            "parent_id": ["M79",
                "M4"
            ]
        },
        {
            "id": "M85",
            "task_size": 49016,
            "parent_id": ["M79",
                "M5"
            ]
        },
        {
            "id": "M86",
            "task_size": 24877,
            "parent_id": ["M6",
                "M79"
            ]
        },
        {
            "id": "M87",
            "task_size": 33353,
            "parent_id": ["M79",
                "M7"
            ]
        },
        {
            "id": "M88",
            "task_size": 9333,
            "parent_id": ["M79",
                "M8"
            ]
        },
        {
            "id": "M89",
            "task_size": 8314,
            "parent_id": ["M79",
                "M9"
            ]
        },
        {
            "id": "M90",
            "task_size": 62696,
            "parent_id": ["M10",
                "M79"
            ]
        },
        {
            "id": "M91",
            "task_size": 80314,
            "parent_id": ["M11",
                "M79"
            ]
        },
        {
            "id": "M92",
            "task_size": 66419,
            "parent_id": ["M12",
                "M79"
            ]
        },
        {
            "id": "M93",
            "task_size": 41922,
            "parent_id": ["M13",
                "M79"
            ]
        },
        {
            "id": "M94",
            "task_size": 42140,
            "parent_id": ["M79",
                "M14"
            ]
        },
        {
            "id": "M95",
            "task_size": 11972,
            "parent_id": ["M79",
                "M15"
            ]
        },
        {
            "id": "M96",
            "task_size": 73347,
            "parent_id": ["M94",
                "M95",
                "M80",
                "M81",
                "M82",
                "M88",
                "M87",
                "M89",
                "M84",
                "M91",
                "M83",
                "M90",
                "M93",
                "M86",
                "M85",
                "M92"
            ]
        },
        { "id": "M97", "task_size": 97387, "parent_id": ["M96"] },
        { "id": "M98", "task_size": 93737, "parent_id": ["M97"] },
        { "id": "M99", "task_size": 71525, "parent_id": ["M98"] }
    ]
}