{
    "tasks": [
        { "id": "M0", "task_size": 93492, "parent_id": [] },
        { "id": "M1", "task_size": 76158, "parent_id": [] },
        { "id": "M2", "task_size": 29242, "parent_id": [] },
        { "id": "M3", "task_size": 14598, "parent_id": [] },
        { "id": "M4", "task_size": 9510, "parent_id": [] },
        { "id": "M5", "task_size": 12592, "parent_id": [] },
        { "id": "M6", "task_size": 35086, "parent_id": [] },
        { "id": "M7", "task_size": 12137, "parent_id": [] },
        { "id": "M8", "task_size": 93316, "parent_id": ["M0"] },
        {
            "id": "M9",
            "task_size": 9836,
            "parent_id": ["M1",
                "M0"
            ]
        },
        {
            "id": "M10",
            "task_size": 49618,
            "parent_id": ["M2",
                "M0"
            ]
        },
        {
            "id": "M11",
            "task_size": 11637,
            "parent_id": ["M0",
                "M3"
            ]
        },
        {
            "id": "M12",
            "task_size": 39231,
            "parent_id": ["M0",
                "M5"
            ]
        },
        {
            "id": "M13",
            "task_size": 21939,
            "parent_id": ["M1",
                "M0"
            ]
        },
        { "id": "M14", "task_size": 17706, "parent_id": ["M1"] },
        {
            "id": "M15",
            "task_size": 23695,
            "parent_id": ["M2",
                "M1"
            ]
        },
        {
            "id": "M16",
            "task_size": 78969,
            "parent_id": ["M1",
                "M4"
            ]
        },
        {
            "id": "M17",
            "task_size": 92789,
            "parent_id": ["M1",
                "M7"
            ]
        },
        { "id": "M18", "task_size": 42454, "parent_id": ["M2"] },
        {
            "id": "M19",
            "task_size": 96317,
            "parent_id": ["M2",
                "M3"
            ]
        },
        {
            "id": "M20",
            "task_size": 9492,
            "parent_id": ["M1",
                "M3"
            ]
        },
        { "id": "M21", "task_size": 91763, "parent_id": ["M3"] },
        {
            "id": "M22",
            "task_size": 31552,
            "parent_id": ["M4",
                "M3"
            ]
        },
        {
            "id": "M23",
            "task_size": 3959,
            "parent_id": ["M5",
                "M3"
            ]
        },
        {
            "id": "M24",
            "task_size": 47348,
            "parent_id": ["M0",
                "M4"
            ]
        },
        {
            "id": "M25",
            "task_size": 65637,
            "parent_id": ["M4",
                "M3"
            ]
        },
        { "id": "M26", "task_size": 26869, "parent_id": ["M4"] },
        {
            "id": "M27",
            "task_size": 84827,
            "parent_id": ["M0",
                "M5"
            ]
        },
        {
            "id": "M28",
            "task_size": 25684,
            "parent_id": ["M1",
                "M5"
            ]
        },
        {
            "id": "M29",
            "task_size": 2052,
            "parent_id": ["M5",
                "M3"
            ]
        },
        {
            "id": "M30",
            "task_size": 45540,
            "parent_id": ["M6",
                "M5"
            ]
        },
        {
            "id": "M31",
            "task_size": 86662,
            "parent_id": ["M6",
                "M4"
            ]
        },
        {
            "id": "M32",
            "task_size": 79989,
            "parent_id": ["M2",
                "M7"
            ]
        },
        {
            "id": "M33",
            "task_size": 51610,
            "parent_id": ["M3",
                "M7"
            ]
        },
        {
            "id": "M34",
            "task_size": 21455,
            "parent_id": ["M5",
                "M7"
            ]
        },
        { "id": "M35", "task_size": 84023, "parent_id": ["M7"] },
        {
            "id": "M36",
            "task_size": 23467,
            "parent_id": ["M9",
                "M8",
                "M34",
                "M35",
                "M32",
                "M33",
                "M12",
                "M30",
                "M13",
                "M31",
                "M10",
                "M11",
                "M16",
                "M17",
                "M14",
                "M15",
                "M18",
                "M19",
                "M20",
                "M21",
                "M22",
                "M23",
                "M24",
                "M25",
                "M26",
                "M27",
                "M28",
                "M29"
            ]
        },
        { "id": "M37", "task_size": 19555, "parent_id": ["M36"] },
        {
            "id": "M38",
            "task_size": 96654,
            "parent_id": ["M0",
                "M37"
            ]
        },
        {
            "id": "M39",
            "task_size": 45553,
            "parent_id": ["M1",
                "M37"
            ]
        },
        {
            "id": "M40",
            "task_size": 7027,
            "parent_id": ["M2",
                "M37"
            ]
        },
        {
            "id": "M41",
            "task_size": 18693,
            "parent_id": ["M3",
                "M37"
            ]
        },
        {
            "id": "M42",
            "task_size": 22996,
            "parent_id": ["M4",
                "M37"
            ]
        },
        {
            "id": "M43",
            "task_size": 88131,
            "parent_id": ["M5",
                "M37"
            ]
        },
        {
            "id": "M44",
            "task_size": 54696,
            "parent_id": ["M6",
                "M37"
            ]
        },
        {
            "id": "M45",
            "task_size": 25765,
            "parent_id": ["M7",
                "M37"
            ]
        },
        {
            "id": "M46",
            "task_size": 90479,
            "parent_id": ["M43",
                "M44",
                "M45",
                "M40",
                "M41",
                "M42",
                "M38",
                "M39"
            ]
        },
        { "id": "M47", "task_size": 67011, "parent_id": ["M46"] },
        { "id": "M48", "task_size": 6163, "parent_id": ["M47"] },
        { "id": "M49", "task_size": 53795, "parent_id": ["M48"] }
    ]
}