{
    "tasks": [{
            "id": "S0",
            "task_size": 5126,
            "parent_id": ["S2",
                "S1",
                "S6",
                "S5",
                "S4",
                "S3",
                "S9",
                "S8",
                "S7",
                "S12",
                "S13",
                "S10",
                "S11",
                "S16",
                "S17",
                "S14",
                "S15",
                "S18",
                "S19"
            ]
        },
        { "id": "S1", "task_size": 8916, "parent_id": [] },
        { "id": "S2", "task_size": 3820, "parent_id": [] },
        { "id": "S3", "task_size": 15, "parent_id": [] },
        { "id": "S4", "task_size": 4087, "parent_id": [] },
        { "id": "S5", "task_size": 8152, "parent_id": [] },
        { "id": "S6", "task_size": 2441, "parent_id": [] },
        { "id": "S7", "task_size": 6636, "parent_id": [] },
        { "id": "S8", "task_size": 6103, "parent_id": [] },
        { "id": "S9", "task_size": 9301, "parent_id": [] },
        { "id": "S10", "task_size": 9610, "parent_id": [] },
        { "id": "S11", "task_size": 7570, "parent_id": [] },
        { "id": "S12", "task_size": 3819, "parent_id": [] },
        { "id": "S13", "task_size": 4775, "parent_id": [] },
        { "id": "S14", "task_size": 3086, "parent_id": [] },
        { "id": "S15", "task_size": 6891, "parent_id": [] },
        { "id": "S16", "task_size": 6127, "parent_id": [] },
        { "id": "S17", "task_size": 8064, "parent_id": [] },
        { "id": "S18", "task_size": 3047, "parent_id": [] },
        { "id": "S19", "task_size": 4939, "parent_id": [] },
        { "id": "S20", "task_size": 4544, "parent_id": [] },
        { "id": "S21", "task_size": 1859, "parent_id": [] },
        { "id": "S22", "task_size": 1838, "parent_id": [] },
        { "id": "S23", "task_size": 1658, "parent_id": [] },
        {
            "id": "S24",
            "task_size": 4932,
            "parent_id": ["S20",
                "S21",
                "S22",
                "S23"
            ]
        },
        { "id": "S25", "task_size": 7725, "parent_id": ["S24"] },
        { "id": "S26", "task_size": 9631, "parent_id": ["S24"] },
        { "id": "S27", "task_size": 1309, "parent_id": ["S24"] },
        {
            "id": "S28",
            "task_size": 7665,
            "parent_id": ["S24",
                "S25"
            ]
        },
        { "id": "S29", "task_size": 9550, "parent_id": ["S24"] },
        {
            "id": "S30",
            "task_size": 3719,
            "parent_id": ["S0",
                "S24",
                "S26",
                "S27",
                "S28",
                "S29"
            ]
        },
        {
            "id": "S31",
            "task_size": 2181,
            "parent_id": ["S34",
                "S43",
                "S35",
                "S44",
                "S45",
                "S32",
                "S46",
                "S33",
                "S40",
                "S41",
                "S42",
                "S50",
                "S47",
                "S38",
                "S48",
                "S39",
                "S49",
                "S36",
                "S37"
            ]
        },
        { "id": "S32", "task_size": 7649, "parent_id": [] },
        { "id": "S33", "task_size": 852, "parent_id": [] },
        { "id": "S34", "task_size": 5435, "parent_id": [] },
        { "id": "S35", "task_size": 1106, "parent_id": [] },
        { "id": "S36", "task_size": 8254, "parent_id": [] },
        { "id": "S37", "task_size": 7155, "parent_id": [] },
        { "id": "S38", "task_size": 4216, "parent_id": [] },
        { "id": "S39", "task_size": 2708, "parent_id": [] },
        { "id": "S40", "task_size": 8679, "parent_id": [] },
        { "id": "S41", "task_size": 9377, "parent_id": [] },
        { "id": "S42", "task_size": 2371, "parent_id": [] },
        { "id": "S43", "task_size": 6666, "parent_id": [] },
        { "id": "S44", "task_size": 4936, "parent_id": [] },
        { "id": "S45", "task_size": 7541, "parent_id": [] },
        { "id": "S46", "task_size": 2044, "parent_id": [] },
        { "id": "S47", "task_size": 5239, "parent_id": [] },
        { "id": "S48", "task_size": 1369, "parent_id": [] },
        { "id": "S49", "task_size": 1060, "parent_id": [] },
        { "id": "S50", "task_size": 7129, "parent_id": [] },
        { "id": "S51", "task_size": 9778, "parent_id": [] },
        { "id": "S52", "task_size": 9064, "parent_id": [] },
        { "id": "S53", "task_size": 5559, "parent_id": [] },
        { "id": "S54", "task_size": 5518, "parent_id": [] },
        {
            "id": "S55",
            "task_size": 6168,
            "parent_id": ["S53",
                "S52",
                "S51",
                "S54"
            ]
        },
        { "id": "S56", "task_size": 7700, "parent_id": ["S55"] },
        { "id": "S57", "task_size": 7465, "parent_id": ["S55"] },
        { "id": "S58", "task_size": 6908, "parent_id": ["S55"] },
        {
            "id": "S59",
            "task_size": 4011,
            "parent_id": ["S56",
                "S55"
            ]
        },
        { "id": "S60", "task_size": 1498, "parent_id": ["S55"] },
        {
            "id": "S61",
            "task_size": 2945,
            "parent_id": ["S59",
                "S58",
                "S31",
                "S60",
                "S57",
                "S55"
            ]
        },
        {
            "id": "S62",
            "task_size": 485,
            "parent_id": ["S70",
                "S80",
                "S71",
                "S81",
                "S82",
                "S69",
                "S79",
                "S78",
                "S77",
                "S64",
                "S76",
                "S63",
                "S84",
                "S66",
                "S75",
                "S83",
                "S65",
                "S74",
                "S68",
                "S73",
                "S85",
                "S67",
                "S72"
            ]
        },
        { "id": "S63", "task_size": 4956, "parent_id": [] },
        { "id": "S64", "task_size": 2346, "parent_id": [] },
        { "id": "S65", "task_size": 4648, "parent_id": [] },
        { "id": "S66", "task_size": 1019, "parent_id": [] },
        { "id": "S67", "task_size": 5194, "parent_id": [] },
        { "id": "S68", "task_size": 4983, "parent_id": [] },
        { "id": "S69", "task_size": 9937, "parent_id": [] },
        { "id": "S70", "task_size": 3853, "parent_id": [] },
        { "id": "S71", "task_size": 1414, "parent_id": [] },
        { "id": "S72", "task_size": 134, "parent_id": [] },
        { "id": "S73", "task_size": 4538, "parent_id": [] },
        { "id": "S74", "task_size": 8271, "parent_id": [] },
        { "id": "S75", "task_size": 4858, "parent_id": [] },
        { "id": "S76", "task_size": 5642, "parent_id": [] },
        { "id": "S77", "task_size": 8856, "parent_id": [] },
        { "id": "S78", "task_size": 4717, "parent_id": [] },
        { "id": "S79", "task_size": 8542, "parent_id": [] },
        { "id": "S80", "task_size": 4062, "parent_id": [] },
        { "id": "S81", "task_size": 2097, "parent_id": [] },
        { "id": "S82", "task_size": 9650, "parent_id": [] },
        { "id": "S83", "task_size": 5949, "parent_id": [] },
        { "id": "S84", "task_size": 7143, "parent_id": [] },
        { "id": "S85", "task_size": 1807, "parent_id": [] },
        { "id": "S86", "task_size": 1561, "parent_id": [] },
        { "id": "S87", "task_size": 5628, "parent_id": [] },
        { "id": "S88", "task_size": 106, "parent_id": [] },
        { "id": "S89", "task_size": 6932, "parent_id": [] },
        {
            "id": "S90",
            "task_size": 7131,
            "parent_id": ["S88",
                "S87",
                "S89",
                "S86"
            ]
        },
        { "id": "S91", "task_size": 8505, "parent_id": ["S90"] },
        { "id": "S92", "task_size": 707, "parent_id": ["S90"] },
        { "id": "S93", "task_size": 5263, "parent_id": ["S90"] },
        {
            "id": "S94",
            "task_size": 9600,
            "parent_id": ["S91",
                "S90"
            ]
        },
        { "id": "S95", "task_size": 7079, "parent_id": ["S90"] },
        {
            "id": "S96",
            "task_size": 2689,
            "parent_id": ["S94",
                "S95",
                "S62",
                "S90",
                "S93",
                "S92"
            ]
        },
        { "id": "S97", "task_size": 3276, "parent_id": [] },
        { "id": "S98", "task_size": 1488, "parent_id": [] },
        { "id": "S99", "task_size": 3810, "parent_id": [] }
    ]
}