{
    "tasks": [{
            "id": "S0",
            "task_size": 8292,
            "parent_id": ["S2",
                "S1",
                "S6",
                "S5",
                "S4",
                "S3",
                "S9",
                "S8",
                "S7",
                "S12",
                "S13",
                "S10",
                "S11",
                "S16",
                "S14",
                "S15"
            ]
        },
        { "id": "S1", "task_size": 8886, "parent_id": [] },
        { "id": "S2", "task_size": 4667, "parent_id": [] },
        { "id": "S3", "task_size": 9520, "parent_id": [] },
        { "id": "S4", "task_size": 5715, "parent_id": [] },
        { "id": "S5", "task_size": 3940, "parent_id": [] },
        { "id": "S6", "task_size": 5184, "parent_id": [] },
        { "id": "S7", "task_size": 1537, "parent_id": [] },
        { "id": "S8", "task_size": 6100, "parent_id": [] },
        { "id": "S9", "task_size": 5164, "parent_id": [] },
        { "id": "S10", "task_size": 6869, "parent_id": [] },
        { "id": "S11", "task_size": 9254, "parent_id": [] },
        { "id": "S12", "task_size": 6849, "parent_id": [] },
        { "id": "S13", "task_size": 7637, "parent_id": [] },
        { "id": "S14", "task_size": 4374, "parent_id": [] },
        { "id": "S15", "task_size": 4015, "parent_id": [] },
        { "id": "S16", "task_size": 9750, "parent_id": [] },
        { "id": "S17", "task_size": 5296, "parent_id": [] },
        { "id": "S18", "task_size": 7249, "parent_id": [] },
        { "id": "S19", "task_size": 6035, "parent_id": [] },
        { "id": "S20", "task_size": 790, "parent_id": [] },
        {
            "id": "S21",
            "task_size": 827,
            "parent_id": ["S20",
                "S17",
                "S18",
                "S19"
            ]
        },
        { "id": "S22", "task_size": 5019, "parent_id": ["S21"] },
        { "id": "S23", "task_size": 4317, "parent_id": ["S21"] },
        { "id": "S24", "task_size": 3770, "parent_id": ["S21"] },
        {
            "id": "S25",
            "task_size": 7723,
            "parent_id": ["S21",
                "S22"
            ]
        },
        { "id": "S26", "task_size": 7503, "parent_id": ["S21"] },
        {
            "id": "S27",
            "task_size": 6946,
            "parent_id": ["S21",
                "S23",
                "S0",
                "S24",
                "S25",
                "S26"
            ]
        },
        {
            "id": "S28",
            "task_size": 9970,
            "parent_id": ["S43",
                "S34",
                "S44",
                "S35",
                "S45",
                "S32",
                "S46",
                "S33",
                "S30",
                "S31",
                "S40",
                "S41",
                "S42",
                "S29",
                "S38",
                "S39",
                "S36",
                "S37"
            ]
        },
        { "id": "S29", "task_size": 9288, "parent_id": [] },
        { "id": "S30", "task_size": 6318, "parent_id": [] },
        { "id": "S31", "task_size": 7601, "parent_id": [] },
        { "id": "S32", "task_size": 8479, "parent_id": [] },
        { "id": "S33", "task_size": 7409, "parent_id": [] },
        { "id": "S34", "task_size": 6295, "parent_id": [] },
        { "id": "S35", "task_size": 6710, "parent_id": [] },
        { "id": "S36", "task_size": 8693, "parent_id": [] },
        { "id": "S37", "task_size": 7027, "parent_id": [] },
        { "id": "S38", "task_size": 2002, "parent_id": [] },
        { "id": "S39", "task_size": 4731, "parent_id": [] },
        { "id": "S40", "task_size": 6996, "parent_id": [] },
        { "id": "S41", "task_size": 5789, "parent_id": [] },
        { "id": "S42", "task_size": 5544, "parent_id": [] },
        { "id": "S43", "task_size": 9398, "parent_id": [] },
        { "id": "S44", "task_size": 4627, "parent_id": [] },
        { "id": "S45", "task_size": 7095, "parent_id": [] },
        { "id": "S46", "task_size": 4040, "parent_id": [] },
        { "id": "S47", "task_size": 4222, "parent_id": [] },
        { "id": "S48", "task_size": 352, "parent_id": [] },
        { "id": "S49", "task_size": 1401, "parent_id": [] },
        { "id": "S50", "task_size": 1134, "parent_id": [] },
        {
            "id": "S51",
            "task_size": 3533,
            "parent_id": ["S50",
                "S47",
                "S48",
                "S49"
            ]
        },
        { "id": "S52", "task_size": 9831, "parent_id": ["S51"] },
        { "id": "S53", "task_size": 3800, "parent_id": ["S51"] },
        { "id": "S54", "task_size": 9866, "parent_id": ["S51"] },
        {
            "id": "S55",
            "task_size": 4518,
            "parent_id": ["S52",
                "S51"
            ]
        },
        { "id": "S56", "task_size": 1254, "parent_id": ["S51"] },
        {
            "id": "S57",
            "task_size": 5860,
            "parent_id": ["S53",
                "S51",
                "S28",
                "S56",
                "S55",
                "S54"
            ]
        }
    ]
}