{
    "tasks": [{
            "id": "S0",
            "task_size": 7010,
            "parent_id": ["S2",
                "S1",
                "S6",
                "S5",
                "S4",
                "S3",
                "S9",
                "S8",
                "S7",
                "S12",
                "S13",
                "S10",
                "S11",
                "S16",
                "S17",
                "S14",
                "S15"
            ]
        },
        { "id": "S1", "task_size": 8350, "parent_id": [] },
        { "id": "S2", "task_size": 6978, "parent_id": [] },
        { "id": "S3", "task_size": 3700, "parent_id": [] },
        { "id": "S4", "task_size": 6157, "parent_id": [] },
        { "id": "S5", "task_size": 9509, "parent_id": [] },
        { "id": "S6", "task_size": 769, "parent_id": [] },
        { "id": "S7", "task_size": 524, "parent_id": [] },
        { "id": "S8", "task_size": 4802, "parent_id": [] },
        { "id": "S9", "task_size": 4475, "parent_id": [] },
        { "id": "S10", "task_size": 2111, "parent_id": [] },
        { "id": "S11", "task_size": 7177, "parent_id": [] },
        { "id": "S12", "task_size": 4927, "parent_id": [] },
        { "id": "S13", "task_size": 9395, "parent_id": [] },
        { "id": "S14", "task_size": 7827, "parent_id": [] },
        { "id": "S15", "task_size": 8203, "parent_id": [] },
        { "id": "S16", "task_size": 1786, "parent_id": [] },
        { "id": "S17", "task_size": 9863, "parent_id": [] },
        { "id": "S18", "task_size": 6398, "parent_id": [] },
        { "id": "S19", "task_size": 6597, "parent_id": [] },
        { "id": "S20", "task_size": 942, "parent_id": [] },
        { "id": "S21", "task_size": 3467, "parent_id": [] },
        {
            "id": "S22",
            "task_size": 5845,
            "parent_id": ["S20",
                "S21",
                "S18",
                "S19"
            ]
        },
        { "id": "S23", "task_size": 5902, "parent_id": ["S22"] },
        { "id": "S24", "task_size": 5100, "parent_id": ["S22"] },
        { "id": "S25", "task_size": 4644, "parent_id": ["S22"] },
        {
            "id": "S26",
            "task_size": 6265,
            "parent_id": ["S22",
                "S23"
            ]
        },
        { "id": "S27", "task_size": 9312, "parent_id": ["S22"] },
        {
            "id": "S28",
            "task_size": 7925,
            "parent_id": ["S22",
                "S0",
                "S24",
                "S25",
                "S26",
                "S27"
            ]
        }
    ]
}