{
    "tasks": [{
            "id": "ID00010",
            "task_size": 100,
            "parent_id": []
        },
        {
            "id": "ID00011",
            "task_size": 200,
            "parent_id": ["ID00010"]
        },
        {
            "id": "ID00012",
            "task_size": 300,
            "parent_id": ["ID00010"]
        },
        {
            "id": "ID00013",
            "task_size": 400,
            "parent_id": ["ID00011", "ID00016"]
        },
        {
            "id": "ID00014",
            "task_size": 500,
            "parent_id": ["ID00012", "ID00017"]
        },
        {
            "id": "ID00015",
            "task_size": 600,
            "parent_id": ["ID00013", "ID00014"]
        },
        {
            "id": "ID00016",
            "task_size": 600,
            "parent_id": []
        },
        {
            "id": "ID00017",
            "task_size": 600,
            "parent_id": []
        }
    ]
}