{
    "virtualmachine": [
        { "id": "m4.large.1", "name": "m4.large", "velocity": 7.8, "unit_cost_vm": 0.1 },
        { "id": "m4.xlarge.1", "name": "m4.xlarge", "velocity": 15.6, "unit_cost_vm": 0.2 },
        { "id": "m4.2xlarge.1", "name": "m4.2xlarge", "velocity": 31.2, "unit_cost_vm": 0.4 },
        { "id": "m4.4xlarge.1", "name": "m4.4xlarge", "velocity": 64.2, "unit_cost_vm": 0.8 },
        { "id": "m4.10xlarge.1", "name": "m4.10xlarge", "velocity": 149.4, "unit_cost_vm": 2 },
        { "id": "m4.16xlarge.1", "name": "m4.16xlarge", "velocity": 225.6, "unit_cost_vm": 3.2 },
        { "id": "c4.large.1", "name": "c4.large", "velocity": 9.6, "unit_cost_vm": 0.1 },
        { "id": "c4.xlarge.1", "name": "c4.xlarge", "velocity": 19.2, "unit_cost_vm": 0.199 },
        { "id": "c4.2xlarge.1", "name": "c4.2xlarge", "velocity": 37.2, "unit_cost_vm": 0.398 },
        { "id": "c4.4xlarge.1", "name": "c4.4xlarge", "velocity": 74.4, "unit_cost_vm": 0.796 },
        { "id": "c4.8xlarge.1", "name": "c4.8xlarge", "velocity": 158.4, "unit_cost_vm": 1.591 },
        { "id": "h1.2xlarge.1", "name": "h1.2xlarge", "velocity": 31.2, "unit_cost_vm": 0.55 },
        { "id": "h1.4xlarge.1", "name": "h1.4xlarge", "velocity": 64.2, "unit_cost_vm": 1.1 },
        { "id": "h1.8xlarge.1", "name": "h1.8xlarge", "velocity": 118.8, "unit_cost_vm": 2.2 },
        { "id": "h1.16xlarge.1", "name": "h1.16xlarge", "velocity": 225.6, "unit_cost_vm": 4.4 }
    ]
}