{"tasks":[{"id":"C0","task_size":8320,"parent_id":["C95","C71","C97","C99","C6","C4","C8","C34","C59","C32","C12","C30","C10","C79","C53","C16","C77","C14","C51","C91","C75","C57","C38","C93","C73","C55","C18","C36","C81","C69","C44","C20","C46","C22","C40","C24","C42","C87","C61","C26","C89","C63","C28","C83","C65","C49","C85","C67"]},{"id":"C1","task_size":4755,"parent_id":["C94","C70","C96","C98","C5","C3","C9","C7","C35","C58","C33","C13","C31","C11","C78","C52","C17","C76","C15","C50","C90","C74","C56","C39","C92","C72","C54","C19","C37","C80","C82","C60","C43","C45","C21","C23","C41","C88","C62","C25","C64","C27","C84","C66","C29","C48","C86","C68"]},{"id":"C2","task_size":1779,"parent_id":[]},{"id":"C3","task_size":7182,"parent_id":["C2"]},{"id":"C4","task_size":1720,"parent_id":["C3"]},{"id":"C5","task_size":3149,"parent_id":["C2"]},{"id":"C6","task_size":4388,"parent_id":["C5"]},{"id":"C7","task_size":3551,"parent_id":["C2"]},{"id":"C8","task_size":7400,"parent_id":["C7"]},{"id":"C9","task_size":8584,"parent_id":["C2"]},{"id":"C10","task_size":5592,"parent_id":["C9"]},{"id":"C11","task_size":4331,"parent_id":["C2"]},{"id":"C12","task_size":6640,"parent_id":["C11"]},{"id":"C13","task_size":3175,"parent_id":["C2"]},{"id":"C14","task_size":4753,"parent_id":["C13"]},{"id":"C15","task_size":6864,"parent_id":["C2"]},{"id":"C16","task_size":6973,"parent_id":["C15"]},{"id":"C17","task_size":5322,"parent_id":["C2"]},{"id":"C18","task_size":1687,"parent_id":["C17"]},{"id":"C19","task_size":6046,"parent_id":["C2"]},{"id":"C20","task_size":4012,"parent_id":["C19"]},{"id":"C21","task_size":3582,"parent_id":["C2"]},{"id":"C22","task_size":2500,"parent_id":["C21"]},{"id":"C23","task_size":9110,"parent_id":["C2"]},{"id":"C24","task_size":4146,"parent_id":["C23"]},{"id":"C25","task_size":1668,"parent_id":["C2"]},{"id":"C26","task_size":9266,"parent_id":["C25"]},{"id":"C27","task_size":9167,"parent_id":["C2"]},{"id":"C28","task_size":7349,"parent_id":["C27"]},{"id":"C29","task_size":7251,"parent_id":["C2"]},{"id":"C30","task_size":8346,"parent_id":["C29"]},{"id":"C31","task_size":1944,"parent_id":["C2"]},{"id":"C32","task_size":6134,"parent_id":["C31"]},{"id":"C33","task_size":5386,"parent_id":["C2"]},{"id":"C34","task_size":8698,"parent_id":["C33"]},{"id":"C35","task_size":7800,"parent_id":["C2"]},{"id":"C36","task_size":6991,"parent_id":["C35"]},{"id":"C37","task_size":380,"parent_id":["C2"]},{"id":"C38","task_size":923,"parent_id":["C37"]},{"id":"C39","task_size":8661,"parent_id":["C2"]},{"id":"C40","task_size":2595,"parent_id":["C39"]},{"id":"C41","task_size":2519,"parent_id":["C2"]},{"id":"C42","task_size":3776,"parent_id":["C41"]},{"id":"C43","task_size":5537,"parent_id":["C2"]},{"id":"C44","task_size":8547,"parent_id":["C43"]},{"id":"C45","task_size":9577,"parent_id":["C2"]},{"id":"C46","task_size":7479,"parent_id":["C45"]},{"id":"C47","task_size":9417,"parent_id":[]},{"id":"C48","task_size":7425,"parent_id":["C47"]},{"id":"C49","task_size":785,"parent_id":["C48"]},{"id":"C50","task_size":8142,"parent_id":["C47"]},{"id":"C51","task_size":8114,"parent_id":["C50"]},{"id":"C52","task_size":2089,"parent_id":["C47"]},{"id":"C53","task_size":5456,"parent_id":["C52"]},{"id":"C54","task_size":919,"parent_id":["C47"]},{"id":"C55","task_size":9386,"parent_id":["C54"]},{"id":"C56","task_size":9919,"parent_id":["C47"]},{"id":"C57","task_size":1929,"parent_id":["C56"]},{"id":"C58","task_size":649,"parent_id":["C47"]},{"id":"C59","task_size":3227,"parent_id":["C58"]},{"id":"C60","task_size":4369,"parent_id":["C47"]},{"id":"C61","task_size":8426,"parent_id":["C60"]},{"id":"C62","task_size":230,"parent_id":["C47"]},{"id":"C63","task_size":4671,"parent_id":["C62"]},{"id":"C64","task_size":2719,"parent_id":["C47"]},{"id":"C65","task_size":7594,"parent_id":["C64"]},{"id":"C66","task_size":8311,"parent_id":["C47"]},{"id":"C67","task_size":1794,"parent_id":["C66"]},{"id":"C68","task_size":1876,"parent_id":["C47"]},{"id":"C69","task_size":5173,"parent_id":["C68"]},{"id":"C70","task_size":5030,"parent_id":["C47"]},{"id":"C71","task_size":7020,"parent_id":["C70"]},{"id":"C72","task_size":7059,"parent_id":["C47"]},{"id":"C73","task_size":9384,"parent_id":["C72"]},{"id":"C74","task_size":5165,"parent_id":["C47"]},{"id":"C75","task_size":7790,"parent_id":["C74"]},{"id":"C76","task_size":39,"parent_id":["C47"]},{"id":"C77","task_size":4088,"parent_id":["C76"]},{"id":"C78","task_size":6115,"parent_id":["C47"]},{"id":"C79","task_size":8289,"parent_id":["C78"]},{"id":"C80","task_size":3379,"parent_id":["C47"]},{"id":"C81","task_size":612,"parent_id":["C80"]},{"id":"C82","task_size":9586,"parent_id":["C47"]},{"id":"C83","task_size":7100,"parent_id":["C82"]},{"id":"C84","task_size":4702,"parent_id":["C47"]},{"id":"C85","task_size":8905,"parent_id":["C84"]},{"id":"C86","task_size":4686,"parent_id":["C47"]},{"id":"C87","task_size":2531,"parent_id":["C86"]},{"id":"C88","task_size":3329,"parent_id":["C47"]},{"id":"C89","task_size":76,"parent_id":["C88"]},{"id":"C90","task_size":5111,"parent_id":["C47"]},{"id":"C91","task_size":3706,"parent_id":["C90"]},{"id":"C92","task_size":6079,"parent_id":["C47"]},{"id":"C93","task_size":3672,"parent_id":["C92"]},{"id":"C94","task_size":228,"parent_id":["C47"]},{"id":"C95","task_size":9872,"parent_id":["C94"]},{"id":"C96","task_size":7352,"parent_id":["C47"]},{"id":"C97","task_size":3135,"parent_id":["C96"]},{"id":"C98","task_size":210,"parent_id":["C47"]},{"id":"C99","task_size":2503,"parent_id":["C98"]},{"id":"E0","task_size":4905,"parent_id":[]},{"id":"E1","task_size":96331,"parent_id":[]},{"id":"E2","task_size":85625,"parent_id":["E0"]},{"id":"E3","task_size":71103,"parent_id":["E0"]},{"id":"E4","task_size":94347,"parent_id":["E0"]},{"id":"E5","task_size":76478,"parent_id":["E0"]},{"id":"E6","task_size":12758,"parent_id":["E0"]},{"id":"E7","task_size":38388,"parent_id":["E1"]},{"id":"E8","task_size":90131,"parent_id":["E1"]},{"id":"E9","task_size":28573,"parent_id":["E1"]},{"id":"E10","task_size":96658,"parent_id":["E1"]},{"id":"E11","task_size":19657,"parent_id":["E1"]},{"id":"E12","task_size":39171,"parent_id":["E2"]},{"id":"E13","task_size":53514,"parent_id":["E3"]},{"id":"E14","task_size":73980,"parent_id":["E4"]},{"id":"E15","task_size":48993,"parent_id":["E5"]},{"id":"E16","task_size":42951,"parent_id":["E6"]},{"id":"E17","task_size":26268,"parent_id":["E7"]},{"id":"E18","task_size":69762,"parent_id":["E8"]},{"id":"E19","task_size":60011,"parent_id":["E9"]},{"id":"E20","task_size":95166,"parent_id":["E10"]},{"id":"E21","task_size":93768,"parent_id":["E11"]},{"id":"E22","task_size":23045,"parent_id":["E12"]},{"id":"E23","task_size":62552,"parent_id":["E13"]},{"id":"E24","task_size":57808,"parent_id":["E14"]},{"id":"E25","task_size":3569,"parent_id":["E15"]},{"id":"E26","task_size":18125,"parent_id":["E16"]},{"id":"E27","task_size":46175,"parent_id":["E17"]},{"id":"E28","task_size":37661,"parent_id":["E18"]},{"id":"E29","task_size":52977,"parent_id":["E19"]},{"id":"E30","task_size":49746,"parent_id":["E20"]},{"id":"E31","task_size":9871,"parent_id":["E21"]},{"id":"E32","task_size":51244,"parent_id":["E22"]},{"id":"E33","task_size":81128,"parent_id":["E23"]},{"id":"E34","task_size":20437,"parent_id":["E24"]},{"id":"E35","task_size":10513,"parent_id":["E25"]},{"id":"E36","task_size":81202,"parent_id":["E26"]},{"id":"E37","task_size":96395,"parent_id":["E27"]},{"id":"E38","task_size":75814,"parent_id":["E28"]},{"id":"E39","task_size":44083,"parent_id":["E29"]},{"id":"E40","task_size":76786,"parent_id":["E30"]},{"id":"E41","task_size":61179,"parent_id":["E31"]},{"id":"E42","task_size":57913,"parent_id":["E34","E35","E32","E33","E36"]},{"id":"E43","task_size":71575,"parent_id":["E40","E41","E38","E39","E37"]},{"id":"E44","task_size":60850,"parent_id":["E43","E42"]},{"id":"E45","task_size":96158,"parent_id":["E44"]},{"id":"E46","task_size":60079,"parent_id":["E45"]},{"id":"I0","task_size":572,"parent_id":[]},{"id":"I1","task_size":4218,"parent_id":[]},{"id":"I2","task_size":3743,"parent_id":[]},{"id":"I3","task_size":6660,"parent_id":[]},{"id":"I4","task_size":9332,"parent_id":[]},{"id":"I5","task_size":3449,"parent_id":[]},{"id":"I6","task_size":6092,"parent_id":[]},{"id":"I7","task_size":5781,"parent_id":["I0"]},{"id":"I8","task_size":4284,"parent_id":["I1"]},{"id":"I9","task_size":2191,"parent_id":["I2"]},{"id":"I10","task_size":8320,"parent_id":["I3"]},{"id":"I11","task_size":6385,"parent_id":["I4"]},{"id":"I12","task_size":1439,"parent_id":["I5"]},{"id":"I13","task_size":3699,"parent_id":["I6"]},{"id":"I14","task_size":1280,"parent_id":["I12","I13","I10","I11","I9","I8","I7"]},{"id":"I15","task_size":7152,"parent_id":["I14"]},{"id":"I16","task_size":3635,"parent_id":["I14"]},{"id":"I17","task_size":9107,"parent_id":["I14"]},{"id":"I18","task_size":846,"parent_id":["I14"]},{"id":"I19","task_size":7179,"parent_id":["I14"]},{"id":"I20","task_size":8137,"parent_id":["I14"]},{"id":"I21","task_size":9549,"parent_id":["I14"]},{"id":"I22","task_size":1816,"parent_id":["I15"]},{"id":"I23","task_size":3575,"parent_id":["I16"]},{"id":"I24","task_size":2913,"parent_id":["I17"]},{"id":"I25","task_size":3680,"parent_id":["I18"]},{"id":"I26","task_size":9599,"parent_id":["I19"]},{"id":"I27","task_size":984,"parent_id":["I20"]},{"id":"I28","task_size":9576,"parent_id":["I21"]},{"id":"I29","task_size":6880,"parent_id":["I22","I23","I24","I25","I26","I27","I28"]},{"id":"M0","task_size":74802,"parent_id":[]},{"id":"M1","task_size":12680,"parent_id":[]},{"id":"M2","task_size":81453,"parent_id":[]},{"id":"M3","task_size":14017,"parent_id":[]},{"id":"M4","task_size":3751,"parent_id":[]},{"id":"M5","task_size":82802,"parent_id":["M1","M0"]},{"id":"M6","task_size":66456,"parent_id":["M1","M0"]},{"id":"M7","task_size":60369,"parent_id":["M1","M3"]},{"id":"M8","task_size":70968,"parent_id":["M2","M0"]},{"id":"M9","task_size":5236,"parent_id":["M2","M1"]},{"id":"M10","task_size":7146,"parent_id":["M2"]},{"id":"M11","task_size":25404,"parent_id":["M1","M3"]},{"id":"M12","task_size":88414,"parent_id":["M1","M4"]},{"id":"M13","task_size":38122,"parent_id":["M4","M3"]},{"id":"M14","task_size":34235,"parent_id":["M12","M13","M10","M11","M6","M5","M9","M8","M7"]},{"id":"M15","task_size":88093,"parent_id":["M14"]},{"id":"M16","task_size":80180,"parent_id":["M0","M15"]},{"id":"M17","task_size":70838,"parent_id":["M1","M15"]},{"id":"M18","task_size":49804,"parent_id":["M2","M15"]},{"id":"M19","task_size":42920,"parent_id":["M3","M15"]},{"id":"M20","task_size":16180,"parent_id":["M4","M15"]},{"id":"M21","task_size":58930,"parent_id":["M20","M16","M17","M18","M19"]},{"id":"M22","task_size":87810,"parent_id":["M21"]},{"id":"M23","task_size":26480,"parent_id":["M22"]},{"id":"M24","task_size":18972,"parent_id":["M23"]},{"id":"S0","task_size":8292,"parent_id":["S2","S1","S6","S5","S4","S3","S9","S8","S7","S12","S13","S10","S11","S16","S14","S15"]},{"id":"S1","task_size":8886,"parent_id":[]},{"id":"S2","task_size":4667,"parent_id":[]},{"id":"S3","task_size":9520,"parent_id":[]},{"id":"S4","task_size":5715,"parent_id":[]},{"id":"S5","task_size":3940,"parent_id":[]},{"id":"S6","task_size":5184,"parent_id":[]},{"id":"S7","task_size":1537,"parent_id":[]},{"id":"S8","task_size":6100,"parent_id":[]},{"id":"S9","task_size":5164,"parent_id":[]},{"id":"S10","task_size":6869,"parent_id":[]},{"id":"S11","task_size":9254,"parent_id":[]},{"id":"S12","task_size":6849,"parent_id":[]},{"id":"S13","task_size":7637,"parent_id":[]},{"id":"S14","task_size":4374,"parent_id":[]},{"id":"S15","task_size":4015,"parent_id":[]},{"id":"S16","task_size":9750,"parent_id":[]},{"id":"S17","task_size":5296,"parent_id":[]},{"id":"S18","task_size":7249,"parent_id":[]},{"id":"S19","task_size":6035,"parent_id":[]},{"id":"S20","task_size":790,"parent_id":[]},{"id":"S21","task_size":827,"parent_id":["S20","S17","S18","S19"]},{"id":"S22","task_size":5019,"parent_id":["S21"]},{"id":"S23","task_size":4317,"parent_id":["S21"]},{"id":"S24","task_size":3770,"parent_id":["S21"]},{"id":"S25","task_size":7723,"parent_id":["S21","S22"]},{"id":"S26","task_size":7503,"parent_id":["S21"]},{"id":"S27","task_size":6946,"parent_id":["S21","S23","S0","S24","S25","S26"]},{"id":"S28","task_size":9970,"parent_id":["S43","S34","S44","S35","S45","S32","S46","S33","S30","S31","S40","S41","S42","S29","S38","S39","S36","S37"]},{"id":"S29","task_size":9288,"parent_id":[]},{"id":"S30","task_size":6318,"parent_id":[]},{"id":"S31","task_size":7601,"parent_id":[]},{"id":"S32","task_size":8479,"parent_id":[]},{"id":"S33","task_size":7409,"parent_id":[]},{"id":"S34","task_size":6295,"parent_id":[]},{"id":"S35","task_size":6710,"parent_id":[]},{"id":"S36","task_size":8693,"parent_id":[]},{"id":"S37","task_size":7027,"parent_id":[]},{"id":"S38","task_size":2002,"parent_id":[]},{"id":"S39","task_size":4731,"parent_id":[]},{"id":"S40","task_size":6996,"parent_id":[]},{"id":"S41","task_size":5789,"parent_id":[]},{"id":"S42","task_size":5544,"parent_id":[]},{"id":"S43","task_size":9398,"parent_id":[]},{"id":"S44","task_size":4627,"parent_id":[]},{"id":"S45","task_size":7095,"parent_id":[]},{"id":"S46","task_size":4040,"parent_id":[]},{"id":"S47","task_size":4222,"parent_id":[]},{"id":"S48","task_size":352,"parent_id":[]},{"id":"S49","task_size":1401,"parent_id":[]},{"id":"S50","task_size":1134,"parent_id":[]},{"id":"S51","task_size":3533,"parent_id":["S50","S47","S48","S49"]},{"id":"S52","task_size":9831,"parent_id":["S51"]},{"id":"S53","task_size":3800,"parent_id":["S51"]},{"id":"S54","task_size":9866,"parent_id":["S51"]},{"id":"S55","task_size":4518,"parent_id":["S52","S51"]},{"id":"S56","task_size":1254,"parent_id":["S51"]},{"id":"S57","task_size":5860,"parent_id":["S53","S51","S28","S56","S55","S54"]}]}