{"tasks":[{"id":"C0","task_size":7083,"parent_id":["C21","C12","C23","C10","C25","C6","C17","C27","C4","C15","C29","C8","C19"]},{"id":"C1","task_size":2922,"parent_id":["C5","C3","C9","C7","C20","C22","C11","C24","C16","C26","C14","C28","C18"]},{"id":"C2","task_size":7782,"parent_id":[]},{"id":"C3","task_size":4680,"parent_id":["C2"]},{"id":"C4","task_size":3155,"parent_id":["C3"]},{"id":"C5","task_size":4629,"parent_id":["C2"]},{"id":"C6","task_size":4126,"parent_id":["C5"]},{"id":"C7","task_size":8304,"parent_id":["C2"]},{"id":"C8","task_size":5794,"parent_id":["C7"]},{"id":"C9","task_size":1273,"parent_id":["C2"]},{"id":"C10","task_size":1824,"parent_id":["C9"]},{"id":"C11","task_size":2499,"parent_id":["C2"]},{"id":"C12","task_size":5190,"parent_id":["C11"]},{"id":"C13","task_size":5574,"parent_id":[]},{"id":"C14","task_size":8889,"parent_id":["C13"]},{"id":"C15","task_size":3025,"parent_id":["C14"]},{"id":"C16","task_size":6743,"parent_id":["C13"]},{"id":"C17","task_size":2159,"parent_id":["C16"]},{"id":"C18","task_size":1639,"parent_id":["C13"]},{"id":"C19","task_size":1311,"parent_id":["C18"]},{"id":"C20","task_size":6115,"parent_id":["C13"]},{"id":"C21","task_size":5618,"parent_id":["C20"]},{"id":"C22","task_size":2872,"parent_id":["C13"]},{"id":"C23","task_size":2054,"parent_id":["C22"]},{"id":"C24","task_size":2567,"parent_id":["C13"]},{"id":"C25","task_size":5329,"parent_id":["C24"]},{"id":"C26","task_size":7832,"parent_id":["C13"]},{"id":"C27","task_size":3580,"parent_id":["C26"]},{"id":"C28","task_size":6918,"parent_id":["C13"]},{"id":"C29","task_size":9883,"parent_id":["C28"]},{"id":"E0","task_size":4905,"parent_id":[]},{"id":"E1","task_size":96331,"parent_id":[]},{"id":"E2","task_size":85625,"parent_id":["E0"]},{"id":"E3","task_size":71103,"parent_id":["E0"]},{"id":"E4","task_size":94347,"parent_id":["E0"]},{"id":"E5","task_size":76478,"parent_id":["E0"]},{"id":"E6","task_size":12758,"parent_id":["E0"]},{"id":"E7","task_size":38388,"parent_id":["E1"]},{"id":"E8","task_size":90131,"parent_id":["E1"]},{"id":"E9","task_size":28573,"parent_id":["E1"]},{"id":"E10","task_size":96658,"parent_id":["E1"]},{"id":"E11","task_size":19657,"parent_id":["E1"]},{"id":"E12","task_size":39171,"parent_id":["E2"]},{"id":"E13","task_size":53514,"parent_id":["E3"]},{"id":"E14","task_size":73980,"parent_id":["E4"]},{"id":"E15","task_size":48993,"parent_id":["E5"]},{"id":"E16","task_size":42951,"parent_id":["E6"]},{"id":"E17","task_size":26268,"parent_id":["E7"]},{"id":"E18","task_size":69762,"parent_id":["E8"]},{"id":"E19","task_size":60011,"parent_id":["E9"]},{"id":"E20","task_size":95166,"parent_id":["E10"]},{"id":"E21","task_size":93768,"parent_id":["E11"]},{"id":"E22","task_size":23045,"parent_id":["E12"]},{"id":"E23","task_size":62552,"parent_id":["E13"]},{"id":"E24","task_size":57808,"parent_id":["E14"]},{"id":"E25","task_size":3569,"parent_id":["E15"]},{"id":"E26","task_size":18125,"parent_id":["E16"]},{"id":"E27","task_size":46175,"parent_id":["E17"]},{"id":"E28","task_size":37661,"parent_id":["E18"]},{"id":"E29","task_size":52977,"parent_id":["E19"]},{"id":"E30","task_size":49746,"parent_id":["E20"]},{"id":"E31","task_size":9871,"parent_id":["E21"]},{"id":"E32","task_size":51244,"parent_id":["E22"]},{"id":"E33","task_size":81128,"parent_id":["E23"]},{"id":"E34","task_size":20437,"parent_id":["E24"]},{"id":"E35","task_size":10513,"parent_id":["E25"]},{"id":"E36","task_size":81202,"parent_id":["E26"]},{"id":"E37","task_size":96395,"parent_id":["E27"]},{"id":"E38","task_size":75814,"parent_id":["E28"]},{"id":"E39","task_size":44083,"parent_id":["E29"]},{"id":"E40","task_size":76786,"parent_id":["E30"]},{"id":"E41","task_size":61179,"parent_id":["E31"]},{"id":"E42","task_size":57913,"parent_id":["E34","E35","E32","E33","E36"]},{"id":"E43","task_size":71575,"parent_id":["E40","E41","E38","E39","E37"]},{"id":"E44","task_size":60850,"parent_id":["E43","E42"]},{"id":"E45","task_size":96158,"parent_id":["E44"]},{"id":"E46","task_size":60079,"parent_id":["E45"]},{"id":"I0","task_size":572,"parent_id":[]},{"id":"I1","task_size":4218,"parent_id":[]},{"id":"I2","task_size":3743,"parent_id":[]},{"id":"I3","task_size":6660,"parent_id":[]},{"id":"I4","task_size":9332,"parent_id":[]},{"id":"I5","task_size":3449,"parent_id":[]},{"id":"I6","task_size":6092,"parent_id":[]},{"id":"I7","task_size":5781,"parent_id":["I0"]},{"id":"I8","task_size":4284,"parent_id":["I1"]},{"id":"I9","task_size":2191,"parent_id":["I2"]},{"id":"I10","task_size":8320,"parent_id":["I3"]},{"id":"I11","task_size":6385,"parent_id":["I4"]},{"id":"I12","task_size":1439,"parent_id":["I5"]},{"id":"I13","task_size":3699,"parent_id":["I6"]},{"id":"I14","task_size":1280,"parent_id":["I12","I13","I10","I11","I9","I8","I7"]},{"id":"I15","task_size":7152,"parent_id":["I14"]},{"id":"I16","task_size":3635,"parent_id":["I14"]},{"id":"I17","task_size":9107,"parent_id":["I14"]},{"id":"I18","task_size":846,"parent_id":["I14"]},{"id":"I19","task_size":7179,"parent_id":["I14"]},{"id":"I20","task_size":8137,"parent_id":["I14"]},{"id":"I21","task_size":9549,"parent_id":["I14"]},{"id":"I22","task_size":1816,"parent_id":["I15"]},{"id":"I23","task_size":3575,"parent_id":["I16"]},{"id":"I24","task_size":2913,"parent_id":["I17"]},{"id":"I25","task_size":3680,"parent_id":["I18"]},{"id":"I26","task_size":9599,"parent_id":["I19"]},{"id":"I27","task_size":984,"parent_id":["I20"]},{"id":"I28","task_size":9576,"parent_id":["I21"]},{"id":"I29","task_size":6880,"parent_id":["I22","I23","I24","I25","I26","I27","I28"]},{"id":"M0","task_size":23028,"parent_id":[]},{"id":"M1","task_size":10244,"parent_id":[]},{"id":"M2","task_size":29971,"parent_id":[]},{"id":"M3","task_size":31647,"parent_id":[]},{"id":"M4","task_size":26006,"parent_id":[]},{"id":"M5","task_size":48104,"parent_id":[]},{"id":"M6","task_size":59835,"parent_id":[]},{"id":"M7","task_size":31797,"parent_id":[]},{"id":"M8","task_size":81689,"parent_id":[]},{"id":"M9","task_size":47976,"parent_id":[]},{"id":"M10","task_size":38754,"parent_id":[]},{"id":"M11","task_size":87221,"parent_id":[]},{"id":"M12","task_size":45125,"parent_id":[]},{"id":"M13","task_size":98892,"parent_id":[]},{"id":"M14","task_size":27738,"parent_id":[]},{"id":"M15","task_size":20428,"parent_id":[]},{"id":"M16","task_size":64732,"parent_id":["M1","M0"]},{"id":"M17","task_size":54469,"parent_id":["M0","M9"]},{"id":"M18","task_size":90040,"parent_id":["M0","M11"]},{"id":"M19","task_size":21165,"parent_id":["M13","M0"]},{"id":"M20","task_size":27646,"parent_id":["M1","M0"]},{"id":"M21","task_size":88394,"parent_id":["M1","M3"]},{"id":"M22","task_size":886,"parent_id":["M1","M6"]},{"id":"M23","task_size":77646,"parent_id":["M1","M7"]},{"id":"M24","task_size":16902,"parent_id":["M1","M8"]},{"id":"M25","task_size":16898,"parent_id":["M1","M9"]},{"id":"M26","task_size":64058,"parent_id":["M12","M1"]},{"id":"M27","task_size":54875,"parent_id":["M13","M1"]},{"id":"M28","task_size":89770,"parent_id":["M1","M15"]},{"id":"M29","task_size":48472,"parent_id":["M2","M3"]},{"id":"M30","task_size":50685,"parent_id":["M2","M6"]},{"id":"M31","task_size":6720,"parent_id":["M3","M7"]},{"id":"M32","task_size":65065,"parent_id":["M12","M3"]},{"id":"M33","task_size":82061,"parent_id":["M13","M3"]},{"id":"M34","task_size":23873,"parent_id":["M15","M3"]},{"id":"M35","task_size":26183,"parent_id":["M2","M4"]},{"id":"M36","task_size":67633,"parent_id":["M12","M4"]},{"id":"M37","task_size":26742,"parent_id":["M13","M4"]},{"id":"M38","task_size":89759,"parent_id":["M1","M5"]},{"id":"M39","task_size":53695,"parent_id":["M1","M6"]},{"id":"M40","task_size":47160,"parent_id":["M6","M4"]},{"id":"M41","task_size":86019,"parent_id":["M6","M8"]},{"id":"M42","task_size":55554,"parent_id":["M6","M9"]},{"id":"M43","task_size":14213,"parent_id":["M10","M6"]},{"id":"M44","task_size":35715,"parent_id":["M12","M6"]},{"id":"M45","task_size":76832,"parent_id":["M0","M7"]},{"id":"M46","task_size":29980,"parent_id":["M2","M7"]},{"id":"M47","task_size":7230,"parent_id":["M3","M7"]},{"id":"M48","task_size":9600,"parent_id":["M11","M7"]},{"id":"M49","task_size":13384,"parent_id":["M4","M8"]},{"id":"M50","task_size":25855,"parent_id":["M8","M7"]},{"id":"M51","task_size":33153,"parent_id":["M8"]},{"id":"M52","task_size":16152,"parent_id":["M10","M8"]},{"id":"M53","task_size":20617,"parent_id":["M11","M8"]},{"id":"M54","task_size":65833,"parent_id":["M9"]},{"id":"M55","task_size":9051,"parent_id":["M1","M10"]},{"id":"M56","task_size":7798,"parent_id":["M10","M3"]},{"id":"M57","task_size":64149,"parent_id":["M10","M5"]},{"id":"M58","task_size":62003,"parent_id":["M10","M7"]},{"id":"M59","task_size":53536,"parent_id":["M10"]},{"id":"M60","task_size":25642,"parent_id":["M13","M10"]},{"id":"M61","task_size":66588,"parent_id":["M10","M14"]},{"id":"M62","task_size":83403,"parent_id":["M0","M11"]},{"id":"M63","task_size":23257,"parent_id":["M11","M8"]},{"id":"M64","task_size":48810,"parent_id":["M11","M14"]},{"id":"M65","task_size":17968,"parent_id":["M12","M4"]},{"id":"M66","task_size":99704,"parent_id":["M12"]},{"id":"M67","task_size":97948,"parent_id":["M12","M15"]},{"id":"M68","task_size":88219,"parent_id":["M1","M13"]},{"id":"M69","task_size":65104,"parent_id":["M13","M5"]},{"id":"M70","task_size":59287,"parent_id":["M13","M7"]},{"id":"M71","task_size":18065,"parent_id":["M12","M13"]},{"id":"M72","task_size":35612,"parent_id":["M13"]},{"id":"M73","task_size":70958,"parent_id":["M2","M15"]},{"id":"M74","task_size":87880,"parent_id":["M3","M15"]},{"id":"M75","task_size":44929,"parent_id":["M15","M8"]},{"id":"M76","task_size":97336,"parent_id":["M11","M15"]},{"id":"M77","task_size":7273,"parent_id":["M14","M15"]},{"id":"M78","task_size":3270,"parent_id":["M59","M58","M16","M53","M17","M52","M51","M50","M57","M56","M18","M55","M19","M54","M60","M69","M20","M21","M22","M23","M24","M25","M62","M26","M61","M27","M64","M28","M63","M66","M29","M65","M68","M67","M70","M71","M34","M35","M32","M33","M30","M31","M77","M76","M75","M38","M74","M39","M73","M36","M72","M37","M43","M44","M45","M46","M40","M41","M42","M47","M48","M49"]},{"id":"M79","task_size":91318,"parent_id":["M78"]},{"id":"M80","task_size":41805,"parent_id":["M0","M79"]},{"id":"M81","task_size":36973,"parent_id":["M1","M79"]},{"id":"M82","task_size":99583,"parent_id":["M2","M79"]},{"id":"M83","task_size":49415,"parent_id":["M79","M3"]},{"id":"M84","task_size":7005,"parent_id":["M79","M4"]},{"id":"M85","task_size":49016,"parent_id":["M79","M5"]},{"id":"M86","task_size":24877,"parent_id":["M6","M79"]},{"id":"M87","task_size":33353,"parent_id":["M79","M7"]},{"id":"M88","task_size":9333,"parent_id":["M79","M8"]},{"id":"M89","task_size":8314,"parent_id":["M79","M9"]},{"id":"M90","task_size":62696,"parent_id":["M10","M79"]},{"id":"M91","task_size":80314,"parent_id":["M11","M79"]},{"id":"M92","task_size":66419,"parent_id":["M12","M79"]},{"id":"M93","task_size":41922,"parent_id":["M13","M79"]},{"id":"M94","task_size":42140,"parent_id":["M79","M14"]},{"id":"M95","task_size":11972,"parent_id":["M79","M15"]},{"id":"M96","task_size":73347,"parent_id":["M94","M95","M80","M81","M82","M88","M87","M89","M84","M91","M83","M90","M93","M86","M85","M92"]},{"id":"M97","task_size":97387,"parent_id":["M96"]},{"id":"M98","task_size":93737,"parent_id":["M97"]},{"id":"M99","task_size":71525,"parent_id":["M98"]},{"id":"S0","task_size":8292,"parent_id":["S2","S1","S6","S5","S4","S3","S9","S8","S7","S12","S13","S10","S11","S16","S14","S15"]},{"id":"S1","task_size":8886,"parent_id":[]},{"id":"S2","task_size":4667,"parent_id":[]},{"id":"S3","task_size":9520,"parent_id":[]},{"id":"S4","task_size":5715,"parent_id":[]},{"id":"S5","task_size":3940,"parent_id":[]},{"id":"S6","task_size":5184,"parent_id":[]},{"id":"S7","task_size":1537,"parent_id":[]},{"id":"S8","task_size":6100,"parent_id":[]},{"id":"S9","task_size":5164,"parent_id":[]},{"id":"S10","task_size":6869,"parent_id":[]},{"id":"S11","task_size":9254,"parent_id":[]},{"id":"S12","task_size":6849,"parent_id":[]},{"id":"S13","task_size":7637,"parent_id":[]},{"id":"S14","task_size":4374,"parent_id":[]},{"id":"S15","task_size":4015,"parent_id":[]},{"id":"S16","task_size":9750,"parent_id":[]},{"id":"S17","task_size":5296,"parent_id":[]},{"id":"S18","task_size":7249,"parent_id":[]},{"id":"S19","task_size":6035,"parent_id":[]},{"id":"S20","task_size":790,"parent_id":[]},{"id":"S21","task_size":827,"parent_id":["S20","S17","S18","S19"]},{"id":"S22","task_size":5019,"parent_id":["S21"]},{"id":"S23","task_size":4317,"parent_id":["S21"]},{"id":"S24","task_size":3770,"parent_id":["S21"]},{"id":"S25","task_size":7723,"parent_id":["S21","S22"]},{"id":"S26","task_size":7503,"parent_id":["S21"]},{"id":"S27","task_size":6946,"parent_id":["S21","S23","S0","S24","S25","S26"]},{"id":"S28","task_size":9970,"parent_id":["S43","S34","S44","S35","S45","S32","S46","S33","S30","S31","S40","S41","S42","S29","S38","S39","S36","S37"]},{"id":"S29","task_size":9288,"parent_id":[]},{"id":"S30","task_size":6318,"parent_id":[]},{"id":"S31","task_size":7601,"parent_id":[]},{"id":"S32","task_size":8479,"parent_id":[]},{"id":"S33","task_size":7409,"parent_id":[]},{"id":"S34","task_size":6295,"parent_id":[]},{"id":"S35","task_size":6710,"parent_id":[]},{"id":"S36","task_size":8693,"parent_id":[]},{"id":"S37","task_size":7027,"parent_id":[]},{"id":"S38","task_size":2002,"parent_id":[]},{"id":"S39","task_size":4731,"parent_id":[]},{"id":"S40","task_size":6996,"parent_id":[]},{"id":"S41","task_size":5789,"parent_id":[]},{"id":"S42","task_size":5544,"parent_id":[]},{"id":"S43","task_size":9398,"parent_id":[]},{"id":"S44","task_size":4627,"parent_id":[]},{"id":"S45","task_size":7095,"parent_id":[]},{"id":"S46","task_size":4040,"parent_id":[]},{"id":"S47","task_size":4222,"parent_id":[]},{"id":"S48","task_size":352,"parent_id":[]},{"id":"S49","task_size":1401,"parent_id":[]},{"id":"S50","task_size":1134,"parent_id":[]},{"id":"S51","task_size":3533,"parent_id":["S50","S47","S48","S49"]},{"id":"S52","task_size":9831,"parent_id":["S51"]},{"id":"S53","task_size":3800,"parent_id":["S51"]},{"id":"S54","task_size":9866,"parent_id":["S51"]},{"id":"S55","task_size":4518,"parent_id":["S52","S51"]},{"id":"S56","task_size":1254,"parent_id":["S51"]},{"id":"S57","task_size":5860,"parent_id":["S53","S51","S28","S56","S55","S54"]}]}