{"tasks":[{"id":"C0","task_size":6024,"parent_id":["C6","C4","C8","C43","C35","C45","C33","C20","C12","C31","C22","C41","C10","C24","C16","C14","C27","C47","C29","C39","C49","C18","C37"]},{"id":"C1","task_size":3063,"parent_id":["C5","C3","C9","C7","C34","C44","C32","C46","C30","C21","C40","C13","C23","C42","C11","C17","C26","C28","C15","C38","C48","C36","C19"]},{"id":"C2","task_size":516,"parent_id":[]},{"id":"C3","task_size":9328,"parent_id":["C2"]},{"id":"C4","task_size":8767,"parent_id":["C3"]},{"id":"C5","task_size":7540,"parent_id":["C2"]},{"id":"C6","task_size":9033,"parent_id":["C5"]},{"id":"C7","task_size":8548,"parent_id":["C2"]},{"id":"C8","task_size":6656,"parent_id":["C7"]},{"id":"C9","task_size":2381,"parent_id":["C2"]},{"id":"C10","task_size":7794,"parent_id":["C9"]},{"id":"C11","task_size":3110,"parent_id":["C2"]},{"id":"C12","task_size":8093,"parent_id":["C11"]},{"id":"C13","task_size":9394,"parent_id":["C2"]},{"id":"C14","task_size":4799,"parent_id":["C13"]},{"id":"C15","task_size":6750,"parent_id":["C2"]},{"id":"C16","task_size":6415,"parent_id":["C15"]},{"id":"C17","task_size":5650,"parent_id":["C2"]},{"id":"C18","task_size":9357,"parent_id":["C17"]},{"id":"C19","task_size":4813,"parent_id":["C2"]},{"id":"C20","task_size":1135,"parent_id":["C19"]},{"id":"C21","task_size":4139,"parent_id":["C2"]},{"id":"C22","task_size":7211,"parent_id":["C21"]},{"id":"C23","task_size":2508,"parent_id":["C2"]},{"id":"C24","task_size":2344,"parent_id":["C23"]},{"id":"C25","task_size":2346,"parent_id":[]},{"id":"C26","task_size":7956,"parent_id":["C25"]},{"id":"C27","task_size":5831,"parent_id":["C26"]},{"id":"C28","task_size":869,"parent_id":["C25"]},{"id":"C29","task_size":5407,"parent_id":["C28"]},{"id":"C30","task_size":716,"parent_id":["C25"]},{"id":"C31","task_size":5373,"parent_id":["C30"]},{"id":"C32","task_size":1998,"parent_id":["C25"]},{"id":"C33","task_size":1590,"parent_id":["C32"]},{"id":"C34","task_size":538,"parent_id":["C25"]},{"id":"C35","task_size":6496,"parent_id":["C34"]},{"id":"C36","task_size":7323,"parent_id":["C25"]},{"id":"C37","task_size":2332,"parent_id":["C36"]},{"id":"C38","task_size":3232,"parent_id":["C25"]},{"id":"C39","task_size":598,"parent_id":["C38"]},{"id":"C40","task_size":4682,"parent_id":["C25"]},{"id":"C41","task_size":1078,"parent_id":["C40"]},{"id":"C42","task_size":921,"parent_id":["C25"]},{"id":"C43","task_size":5431,"parent_id":["C42"]},{"id":"C44","task_size":4538,"parent_id":["C25"]},{"id":"C45","task_size":2581,"parent_id":["C44"]},{"id":"C46","task_size":2966,"parent_id":["C25"]},{"id":"C47","task_size":2993,"parent_id":["C46"]},{"id":"C48","task_size":4695,"parent_id":["C25"]},{"id":"C49","task_size":508,"parent_id":["C48"]},{"id":"E0","task_size":4905,"parent_id":[]},{"id":"E1","task_size":96331,"parent_id":[]},{"id":"E2","task_size":85625,"parent_id":["E0"]},{"id":"E3","task_size":71103,"parent_id":["E0"]},{"id":"E4","task_size":94347,"parent_id":["E0"]},{"id":"E5","task_size":76478,"parent_id":["E0"]},{"id":"E6","task_size":12758,"parent_id":["E0"]},{"id":"E7","task_size":38388,"parent_id":["E1"]},{"id":"E8","task_size":90131,"parent_id":["E1"]},{"id":"E9","task_size":28573,"parent_id":["E1"]},{"id":"E10","task_size":96658,"parent_id":["E1"]},{"id":"E11","task_size":19657,"parent_id":["E1"]},{"id":"E12","task_size":39171,"parent_id":["E2"]},{"id":"E13","task_size":53514,"parent_id":["E3"]},{"id":"E14","task_size":73980,"parent_id":["E4"]},{"id":"E15","task_size":48993,"parent_id":["E5"]},{"id":"E16","task_size":42951,"parent_id":["E6"]},{"id":"E17","task_size":26268,"parent_id":["E7"]},{"id":"E18","task_size":69762,"parent_id":["E8"]},{"id":"E19","task_size":60011,"parent_id":["E9"]},{"id":"E20","task_size":95166,"parent_id":["E10"]},{"id":"E21","task_size":93768,"parent_id":["E11"]},{"id":"E22","task_size":23045,"parent_id":["E12"]},{"id":"E23","task_size":62552,"parent_id":["E13"]},{"id":"E24","task_size":57808,"parent_id":["E14"]},{"id":"E25","task_size":3569,"parent_id":["E15"]},{"id":"E26","task_size":18125,"parent_id":["E16"]},{"id":"E27","task_size":46175,"parent_id":["E17"]},{"id":"E28","task_size":37661,"parent_id":["E18"]},{"id":"E29","task_size":52977,"parent_id":["E19"]},{"id":"E30","task_size":49746,"parent_id":["E20"]},{"id":"E31","task_size":9871,"parent_id":["E21"]},{"id":"E32","task_size":51244,"parent_id":["E22"]},{"id":"E33","task_size":81128,"parent_id":["E23"]},{"id":"E34","task_size":20437,"parent_id":["E24"]},{"id":"E35","task_size":10513,"parent_id":["E25"]},{"id":"E36","task_size":81202,"parent_id":["E26"]},{"id":"E37","task_size":96395,"parent_id":["E27"]},{"id":"E38","task_size":75814,"parent_id":["E28"]},{"id":"E39","task_size":44083,"parent_id":["E29"]},{"id":"E40","task_size":76786,"parent_id":["E30"]},{"id":"E41","task_size":61179,"parent_id":["E31"]},{"id":"E42","task_size":57913,"parent_id":["E34","E35","E32","E33","E36"]},{"id":"E43","task_size":71575,"parent_id":["E40","E41","E38","E39","E37"]},{"id":"E44","task_size":60850,"parent_id":["E43","E42"]},{"id":"E45","task_size":96158,"parent_id":["E44"]},{"id":"E46","task_size":60079,"parent_id":["E45"]},{"id":"I0","task_size":4594,"parent_id":[]},{"id":"I1","task_size":337,"parent_id":[]},{"id":"I2","task_size":7494,"parent_id":[]},{"id":"I3","task_size":5497,"parent_id":[]},{"id":"I4","task_size":4532,"parent_id":[]},{"id":"I5","task_size":550,"parent_id":[]},{"id":"I6","task_size":636,"parent_id":[]},{"id":"I7","task_size":514,"parent_id":[]},{"id":"I8","task_size":7616,"parent_id":[]},{"id":"I9","task_size":2957,"parent_id":[]},{"id":"I10","task_size":9537,"parent_id":[]},{"id":"I11","task_size":2225,"parent_id":[]},{"id":"I12","task_size":786,"parent_id":[]},{"id":"I13","task_size":7729,"parent_id":[]},{"id":"I14","task_size":7636,"parent_id":[]},{"id":"I15","task_size":5281,"parent_id":[]},{"id":"I16","task_size":9113,"parent_id":[]},{"id":"I17","task_size":5560,"parent_id":[]},{"id":"I18","task_size":7034,"parent_id":[]},{"id":"I19","task_size":7722,"parent_id":[]},{"id":"I20","task_size":6330,"parent_id":[]},{"id":"I21","task_size":6570,"parent_id":[]},{"id":"I22","task_size":7148,"parent_id":[]},{"id":"I23","task_size":3509,"parent_id":["I0"]},{"id":"I24","task_size":6554,"parent_id":["I1"]},{"id":"I25","task_size":2392,"parent_id":["I2"]},{"id":"I26","task_size":8178,"parent_id":["I3"]},{"id":"I27","task_size":8928,"parent_id":["I4"]},{"id":"I28","task_size":2809,"parent_id":["I5"]},{"id":"I29","task_size":8588,"parent_id":["I6"]},{"id":"I30","task_size":3034,"parent_id":["I7"]},{"id":"I31","task_size":6034,"parent_id":["I8"]},{"id":"I32","task_size":7836,"parent_id":["I9"]},{"id":"I33","task_size":2922,"parent_id":["I10"]},{"id":"I34","task_size":2018,"parent_id":["I11"]},{"id":"I35","task_size":5570,"parent_id":["I12"]},{"id":"I36","task_size":4215,"parent_id":["I13"]},{"id":"I37","task_size":2109,"parent_id":["I14"]},{"id":"I38","task_size":8396,"parent_id":["I15"]},{"id":"I39","task_size":9892,"parent_id":["I16"]},{"id":"I40","task_size":1290,"parent_id":["I17"]},{"id":"I41","task_size":6975,"parent_id":["I18"]},{"id":"I42","task_size":6179,"parent_id":["I19"]},{"id":"I43","task_size":7290,"parent_id":["I20"]},{"id":"I44","task_size":3794,"parent_id":["I21"]},{"id":"I45","task_size":4108,"parent_id":["I22"]},{"id":"I46","task_size":4241,"parent_id":["I32","I33","I30","I31","I23","I24","I25","I26","I27","I28","I29"]},{"id":"I47","task_size":2070,"parent_id":["I34","I35","I40","I41","I42","I38","I39","I36","I37"]},{"id":"I48","task_size":7893,"parent_id":["I43","I44","I45","I42"]},{"id":"I49","task_size":8759,"parent_id":["I46"]},{"id":"I50","task_size":6281,"parent_id":["I46"]},{"id":"I51","task_size":7906,"parent_id":["I46"]},{"id":"I52","task_size":3717,"parent_id":["I46"]},{"id":"I53","task_size":6036,"parent_id":["I46"]},{"id":"I54","task_size":3098,"parent_id":["I46"]},{"id":"I55","task_size":6462,"parent_id":["I46"]},{"id":"I56","task_size":7685,"parent_id":["I46"]},{"id":"I57","task_size":3958,"parent_id":["I46"]},{"id":"I58","task_size":7840,"parent_id":["I46"]},{"id":"I59","task_size":7219,"parent_id":["I46"]},{"id":"I60","task_size":1308,"parent_id":["I47"]},{"id":"I61","task_size":7706,"parent_id":["I47"]},{"id":"I62","task_size":3417,"parent_id":["I47"]},{"id":"I63","task_size":3082,"parent_id":["I47"]},{"id":"I64","task_size":4697,"parent_id":["I47"]},{"id":"I65","task_size":6677,"parent_id":["I47"]},{"id":"I66","task_size":1229,"parent_id":["I47"]},{"id":"I67","task_size":7818,"parent_id":["I47"]},{"id":"I68","task_size":5470,"parent_id":["I48"]},{"id":"I69","task_size":2703,"parent_id":["I48"]},{"id":"I70","task_size":7797,"parent_id":["I48"]},{"id":"I71","task_size":7925,"parent_id":["I48"]},{"id":"I72","task_size":9239,"parent_id":["I48"]},{"id":"I73","task_size":4689,"parent_id":["I49"]},{"id":"I74","task_size":647,"parent_id":["I50"]},{"id":"I75","task_size":7162,"parent_id":["I51"]},{"id":"I76","task_size":8429,"parent_id":["I52"]},{"id":"I77","task_size":8676,"parent_id":["I53"]},{"id":"I78","task_size":1075,"parent_id":["I54"]},{"id":"I79","task_size":9729,"parent_id":["I55"]},{"id":"I80","task_size":8428,"parent_id":["I56"]},{"id":"I81","task_size":3272,"parent_id":["I57"]},{"id":"I82","task_size":3203,"parent_id":["I58"]},{"id":"I83","task_size":9584,"parent_id":["I59"]},{"id":"I84","task_size":113,"parent_id":["I60"]},{"id":"I85","task_size":2949,"parent_id":["I61"]},{"id":"I86","task_size":3178,"parent_id":["I62"]},{"id":"I87","task_size":4495,"parent_id":["I63"]},{"id":"I88","task_size":3721,"parent_id":["I64"]},{"id":"I89","task_size":6977,"parent_id":["I65"]},{"id":"I90","task_size":9147,"parent_id":["I66"]},{"id":"I91","task_size":1443,"parent_id":["I67"]},{"id":"I92","task_size":1328,"parent_id":["I68"]},{"id":"I93","task_size":760,"parent_id":["I69"]},{"id":"I94","task_size":4796,"parent_id":["I70"]},{"id":"I95","task_size":8692,"parent_id":["I71"]},{"id":"I96","task_size":827,"parent_id":["I72"]},{"id":"I97","task_size":1579,"parent_id":["I80","I81","I82","I79","I78","I77","I76","I75","I83","I74","I73"]},{"id":"I98","task_size":3276,"parent_id":["I88","I87","I89","I91","I84","I90","I86","I92","I85"]},{"id":"I99","task_size":1785,"parent_id":["I94","I95","I96","I93"]},{"id":"M0","task_size":74802,"parent_id":[]},{"id":"M1","task_size":12680,"parent_id":[]},{"id":"M2","task_size":81453,"parent_id":[]},{"id":"M3","task_size":14017,"parent_id":[]},{"id":"M4","task_size":3751,"parent_id":[]},{"id":"M5","task_size":82802,"parent_id":["M1","M0"]},{"id":"M6","task_size":66456,"parent_id":["M1","M0"]},{"id":"M7","task_size":60369,"parent_id":["M1","M3"]},{"id":"M8","task_size":70968,"parent_id":["M2","M0"]},{"id":"M9","task_size":5236,"parent_id":["M2","M1"]},{"id":"M10","task_size":7146,"parent_id":["M2"]},{"id":"M11","task_size":25404,"parent_id":["M1","M3"]},{"id":"M12","task_size":88414,"parent_id":["M1","M4"]},{"id":"M13","task_size":38122,"parent_id":["M4","M3"]},{"id":"M14","task_size":34235,"parent_id":["M12","M13","M10","M11","M6","M5","M9","M8","M7"]},{"id":"M15","task_size":88093,"parent_id":["M14"]},{"id":"M16","task_size":80180,"parent_id":["M0","M15"]},{"id":"M17","task_size":70838,"parent_id":["M1","M15"]},{"id":"M18","task_size":49804,"parent_id":["M2","M15"]},{"id":"M19","task_size":42920,"parent_id":["M3","M15"]},{"id":"M20","task_size":16180,"parent_id":["M4","M15"]},{"id":"M21","task_size":58930,"parent_id":["M20","M16","M17","M18","M19"]},{"id":"M22","task_size":87810,"parent_id":["M21"]},{"id":"M23","task_size":26480,"parent_id":["M22"]},{"id":"M24","task_size":18972,"parent_id":["M23"]},{"id":"S0","task_size":7010,"parent_id":["S2","S1","S6","S5","S4","S3","S9","S8","S7","S12","S13","S10","S11","S16","S17","S14","S15"]},{"id":"S1","task_size":8350,"parent_id":[]},{"id":"S2","task_size":6978,"parent_id":[]},{"id":"S3","task_size":3700,"parent_id":[]},{"id":"S4","task_size":6157,"parent_id":[]},{"id":"S5","task_size":9509,"parent_id":[]},{"id":"S6","task_size":769,"parent_id":[]},{"id":"S7","task_size":524,"parent_id":[]},{"id":"S8","task_size":4802,"parent_id":[]},{"id":"S9","task_size":4475,"parent_id":[]},{"id":"S10","task_size":2111,"parent_id":[]},{"id":"S11","task_size":7177,"parent_id":[]},{"id":"S12","task_size":4927,"parent_id":[]},{"id":"S13","task_size":9395,"parent_id":[]},{"id":"S14","task_size":7827,"parent_id":[]},{"id":"S15","task_size":8203,"parent_id":[]},{"id":"S16","task_size":1786,"parent_id":[]},{"id":"S17","task_size":9863,"parent_id":[]},{"id":"S18","task_size":6398,"parent_id":[]},{"id":"S19","task_size":6597,"parent_id":[]},{"id":"S20","task_size":942,"parent_id":[]},{"id":"S21","task_size":3467,"parent_id":[]},{"id":"S22","task_size":5845,"parent_id":["S20","S21","S18","S19"]},{"id":"S23","task_size":5902,"parent_id":["S22"]},{"id":"S24","task_size":5100,"parent_id":["S22"]},{"id":"S25","task_size":4644,"parent_id":["S22"]},{"id":"S26","task_size":6265,"parent_id":["S22","S23"]},{"id":"S27","task_size":9312,"parent_id":["S22"]},{"id":"S28","task_size":7925,"parent_id":["S22","S0","S24","S25","S26","S27"]}]}