{"tasks":[{"id":"C0","task_size":7083,"parent_id":["C21","C12","C23","C10","C25","C6","C17","C27","C4","C15","C29","C8","C19"]},{"id":"C1","task_size":2922,"parent_id":["C5","C3","C9","C7","C20","C22","C11","C24","C16","C26","C14","C28","C18"]},{"id":"C2","task_size":7782,"parent_id":[]},{"id":"C3","task_size":4680,"parent_id":["C2"]},{"id":"C4","task_size":3155,"parent_id":["C3"]},{"id":"C5","task_size":4629,"parent_id":["C2"]},{"id":"C6","task_size":4126,"parent_id":["C5"]},{"id":"C7","task_size":8304,"parent_id":["C2"]},{"id":"C8","task_size":5794,"parent_id":["C7"]},{"id":"C9","task_size":1273,"parent_id":["C2"]},{"id":"C10","task_size":1824,"parent_id":["C9"]},{"id":"C11","task_size":2499,"parent_id":["C2"]},{"id":"C12","task_size":5190,"parent_id":["C11"]},{"id":"C13","task_size":5574,"parent_id":[]},{"id":"C14","task_size":8889,"parent_id":["C13"]},{"id":"C15","task_size":3025,"parent_id":["C14"]},{"id":"C16","task_size":6743,"parent_id":["C13"]},{"id":"C17","task_size":2159,"parent_id":["C16"]},{"id":"C18","task_size":1639,"parent_id":["C13"]},{"id":"C19","task_size":1311,"parent_id":["C18"]},{"id":"C20","task_size":6115,"parent_id":["C13"]},{"id":"C21","task_size":5618,"parent_id":["C20"]},{"id":"C22","task_size":2872,"parent_id":["C13"]},{"id":"C23","task_size":2054,"parent_id":["C22"]},{"id":"C24","task_size":2567,"parent_id":["C13"]},{"id":"C25","task_size":5329,"parent_id":["C24"]},{"id":"C26","task_size":7832,"parent_id":["C13"]},{"id":"C27","task_size":3580,"parent_id":["C26"]},{"id":"C28","task_size":6918,"parent_id":["C13"]},{"id":"C29","task_size":9883,"parent_id":["C28"]},{"id":"E0","task_size":72234,"parent_id":[]},{"id":"E1","task_size":66346,"parent_id":["E0"]},{"id":"E2","task_size":40448,"parent_id":["E0"]},{"id":"E3","task_size":33786,"parent_id":["E0"]},{"id":"E4","task_size":89468,"parent_id":["E0"]},{"id":"E5","task_size":52920,"parent_id":["E0"]},{"id":"E6","task_size":16489,"parent_id":["E0"]},{"id":"E7","task_size":30123,"parent_id":["E0"]},{"id":"E8","task_size":27347,"parent_id":["E0"]},{"id":"E9","task_size":12362,"parent_id":["E0"]},{"id":"E10","task_size":87275,"parent_id":["E0"]},{"id":"E11","task_size":84632,"parent_id":["E0"]},{"id":"E12","task_size":56069,"parent_id":["E0"]},{"id":"E13","task_size":23190,"parent_id":["E0"]},{"id":"E14","task_size":69664,"parent_id":["E0"]},{"id":"E15","task_size":28468,"parent_id":["E0"]},{"id":"E16","task_size":2842,"parent_id":["E0"]},{"id":"E17","task_size":41117,"parent_id":["E0"]},{"id":"E18","task_size":78630,"parent_id":["E0"]},{"id":"E19","task_size":28823,"parent_id":["E0"]},{"id":"E20","task_size":12528,"parent_id":["E0"]},{"id":"E21","task_size":96985,"parent_id":["E0"]},{"id":"E22","task_size":2353,"parent_id":["E0"]},{"id":"E23","task_size":19108,"parent_id":["E0"]},{"id":"E24","task_size":27549,"parent_id":["E0"]},{"id":"E25","task_size":88903,"parent_id":["E1"]},{"id":"E26","task_size":73749,"parent_id":["E2"]},{"id":"E27","task_size":10431,"parent_id":["E3"]},{"id":"E28","task_size":26417,"parent_id":["E4"]},{"id":"E29","task_size":53817,"parent_id":["E5"]},{"id":"E30","task_size":34207,"parent_id":["E6"]},{"id":"E31","task_size":80353,"parent_id":["E7"]},{"id":"E32","task_size":23292,"parent_id":["E8"]},{"id":"E33","task_size":13675,"parent_id":["E9"]},{"id":"E34","task_size":80733,"parent_id":["E10"]},{"id":"E35","task_size":97567,"parent_id":["E11"]},{"id":"E36","task_size":53629,"parent_id":["E12"]},{"id":"E37","task_size":58136,"parent_id":["E13"]},{"id":"E38","task_size":70056,"parent_id":["E14"]},{"id":"E39","task_size":79727,"parent_id":["E15"]},{"id":"E40","task_size":91181,"parent_id":["E16"]},{"id":"E41","task_size":3748,"parent_id":["E17"]},{"id":"E42","task_size":73845,"parent_id":["E18"]},{"id":"E43","task_size":81546,"parent_id":["E19"]},{"id":"E44","task_size":41036,"parent_id":["E20"]},{"id":"E45","task_size":21351,"parent_id":["E21"]},{"id":"E46","task_size":4089,"parent_id":["E22"]},{"id":"E47","task_size":48316,"parent_id":["E23"]},{"id":"E48","task_size":62987,"parent_id":["E24"]},{"id":"E49","task_size":49361,"parent_id":["E25"]},{"id":"E50","task_size":34949,"parent_id":["E26"]},{"id":"E51","task_size":96653,"parent_id":["E27"]},{"id":"E52","task_size":48688,"parent_id":["E28"]},{"id":"E53","task_size":78183,"parent_id":["E29"]},{"id":"E54","task_size":1886,"parent_id":["E30"]},{"id":"E55","task_size":85493,"parent_id":["E31"]},{"id":"E56","task_size":53723,"parent_id":["E32"]},{"id":"E57","task_size":42552,"parent_id":["E33"]},{"id":"E58","task_size":82399,"parent_id":["E34"]},{"id":"E59","task_size":44179,"parent_id":["E35"]},{"id":"E60","task_size":84499,"parent_id":["E36"]},{"id":"E61","task_size":87538,"parent_id":["E37"]},{"id":"E62","task_size":98567,"parent_id":["E38"]},{"id":"E63","task_size":57857,"parent_id":["E39"]},{"id":"E64","task_size":10463,"parent_id":["E40"]},{"id":"E65","task_size":1857,"parent_id":["E41"]},{"id":"E66","task_size":81837,"parent_id":["E42"]},{"id":"E67","task_size":38130,"parent_id":["E43"]},{"id":"E68","task_size":61779,"parent_id":["E44"]},{"id":"E69","task_size":12161,"parent_id":["E45"]},{"id":"E70","task_size":48641,"parent_id":["E46"]},{"id":"E71","task_size":32821,"parent_id":["E47"]},{"id":"E72","task_size":81156,"parent_id":["E48"]},{"id":"E73","task_size":54675,"parent_id":["E49"]},{"id":"E74","task_size":24040,"parent_id":["E50"]},{"id":"E75","task_size":89983,"parent_id":["E51"]},{"id":"E76","task_size":40758,"parent_id":["E52"]},{"id":"E77","task_size":20036,"parent_id":["E53"]},{"id":"E78","task_size":69478,"parent_id":["E54"]},{"id":"E79","task_size":51472,"parent_id":["E55"]},{"id":"E80","task_size":27113,"parent_id":["E56"]},{"id":"E81","task_size":94953,"parent_id":["E57"]},{"id":"E82","task_size":43515,"parent_id":["E58"]},{"id":"E83","task_size":28112,"parent_id":["E59"]},{"id":"E84","task_size":69316,"parent_id":["E60"]},{"id":"E85","task_size":26348,"parent_id":["E61"]},{"id":"E86","task_size":4458,"parent_id":["E62"]},{"id":"E87","task_size":3150,"parent_id":["E63"]},{"id":"E88","task_size":3768,"parent_id":["E64"]},{"id":"E89","task_size":25462,"parent_id":["E65"]},{"id":"E90","task_size":29019,"parent_id":["E66"]},{"id":"E91","task_size":34863,"parent_id":["E67"]},{"id":"E92","task_size":86866,"parent_id":["E68"]},{"id":"E93","task_size":96334,"parent_id":["E69"]},{"id":"E94","task_size":3701,"parent_id":["E70"]},{"id":"E95","task_size":54747,"parent_id":["E71"]},{"id":"E96","task_size":77847,"parent_id":["E72"]},{"id":"E97","task_size":84005,"parent_id":["E94","E95","E80","E96","E81","E82","E88","E79","E87","E78","E77","E89","E76","E91","E75","E84","E90","E74","E83","E93","E86","E73","E92","E85"]},{"id":"E98","task_size":38402,"parent_id":["E97"]},{"id":"E99","task_size":41760,"parent_id":["E98"]},{"id":"I0","task_size":572,"parent_id":[]},{"id":"I1","task_size":4218,"parent_id":[]},{"id":"I2","task_size":3743,"parent_id":[]},{"id":"I3","task_size":6660,"parent_id":[]},{"id":"I4","task_size":9332,"parent_id":[]},{"id":"I5","task_size":3449,"parent_id":[]},{"id":"I6","task_size":6092,"parent_id":[]},{"id":"I7","task_size":5781,"parent_id":["I0"]},{"id":"I8","task_size":4284,"parent_id":["I1"]},{"id":"I9","task_size":2191,"parent_id":["I2"]},{"id":"I10","task_size":8320,"parent_id":["I3"]},{"id":"I11","task_size":6385,"parent_id":["I4"]},{"id":"I12","task_size":1439,"parent_id":["I5"]},{"id":"I13","task_size":3699,"parent_id":["I6"]},{"id":"I14","task_size":1280,"parent_id":["I12","I13","I10","I11","I9","I8","I7"]},{"id":"I15","task_size":7152,"parent_id":["I14"]},{"id":"I16","task_size":3635,"parent_id":["I14"]},{"id":"I17","task_size":9107,"parent_id":["I14"]},{"id":"I18","task_size":846,"parent_id":["I14"]},{"id":"I19","task_size":7179,"parent_id":["I14"]},{"id":"I20","task_size":8137,"parent_id":["I14"]},{"id":"I21","task_size":9549,"parent_id":["I14"]},{"id":"I22","task_size":1816,"parent_id":["I15"]},{"id":"I23","task_size":3575,"parent_id":["I16"]},{"id":"I24","task_size":2913,"parent_id":["I17"]},{"id":"I25","task_size":3680,"parent_id":["I18"]},{"id":"I26","task_size":9599,"parent_id":["I19"]},{"id":"I27","task_size":984,"parent_id":["I20"]},{"id":"I28","task_size":9576,"parent_id":["I21"]},{"id":"I29","task_size":6880,"parent_id":["I22","I23","I24","I25","I26","I27","I28"]},{"id":"M0","task_size":74802,"parent_id":[]},{"id":"M1","task_size":12680,"parent_id":[]},{"id":"M2","task_size":81453,"parent_id":[]},{"id":"M3","task_size":14017,"parent_id":[]},{"id":"M4","task_size":3751,"parent_id":[]},{"id":"M5","task_size":82802,"parent_id":["M1","M0"]},{"id":"M6","task_size":66456,"parent_id":["M1","M0"]},{"id":"M7","task_size":60369,"parent_id":["M1","M3"]},{"id":"M8","task_size":70968,"parent_id":["M2","M0"]},{"id":"M9","task_size":5236,"parent_id":["M2","M1"]},{"id":"M10","task_size":7146,"parent_id":["M2"]},{"id":"M11","task_size":25404,"parent_id":["M1","M3"]},{"id":"M12","task_size":88414,"parent_id":["M1","M4"]},{"id":"M13","task_size":38122,"parent_id":["M4","M3"]},{"id":"M14","task_size":34235,"parent_id":["M12","M13","M10","M11","M6","M5","M9","M8","M7"]},{"id":"M15","task_size":88093,"parent_id":["M14"]},{"id":"M16","task_size":80180,"parent_id":["M0","M15"]},{"id":"M17","task_size":70838,"parent_id":["M1","M15"]},{"id":"M18","task_size":49804,"parent_id":["M2","M15"]},{"id":"M19","task_size":42920,"parent_id":["M3","M15"]},{"id":"M20","task_size":16180,"parent_id":["M4","M15"]},{"id":"M21","task_size":58930,"parent_id":["M20","M16","M17","M18","M19"]},{"id":"M22","task_size":87810,"parent_id":["M21"]},{"id":"M23","task_size":26480,"parent_id":["M22"]},{"id":"M24","task_size":18972,"parent_id":["M23"]},{"id":"S0","task_size":7010,"parent_id":["S2","S1","S6","S5","S4","S3","S9","S8","S7","S12","S13","S10","S11","S16","S17","S14","S15"]},{"id":"S1","task_size":8350,"parent_id":[]},{"id":"S2","task_size":6978,"parent_id":[]},{"id":"S3","task_size":3700,"parent_id":[]},{"id":"S4","task_size":6157,"parent_id":[]},{"id":"S5","task_size":9509,"parent_id":[]},{"id":"S6","task_size":769,"parent_id":[]},{"id":"S7","task_size":524,"parent_id":[]},{"id":"S8","task_size":4802,"parent_id":[]},{"id":"S9","task_size":4475,"parent_id":[]},{"id":"S10","task_size":2111,"parent_id":[]},{"id":"S11","task_size":7177,"parent_id":[]},{"id":"S12","task_size":4927,"parent_id":[]},{"id":"S13","task_size":9395,"parent_id":[]},{"id":"S14","task_size":7827,"parent_id":[]},{"id":"S15","task_size":8203,"parent_id":[]},{"id":"S16","task_size":1786,"parent_id":[]},{"id":"S17","task_size":9863,"parent_id":[]},{"id":"S18","task_size":6398,"parent_id":[]},{"id":"S19","task_size":6597,"parent_id":[]},{"id":"S20","task_size":942,"parent_id":[]},{"id":"S21","task_size":3467,"parent_id":[]},{"id":"S22","task_size":5845,"parent_id":["S20","S21","S18","S19"]},{"id":"S23","task_size":5902,"parent_id":["S22"]},{"id":"S24","task_size":5100,"parent_id":["S22"]},{"id":"S25","task_size":4644,"parent_id":["S22"]},{"id":"S26","task_size":6265,"parent_id":["S22","S23"]},{"id":"S27","task_size":9312,"parent_id":["S22"]},{"id":"S28","task_size":7925,"parent_id":["S22","S0","S24","S25","S26","S27"]}]}