{"tasks":[{"id":"C0","task_size":6024,"parent_id":["C6","C4","C8","C43","C35","C45","C33","C20","C12","C31","C22","C41","C10","C24","C16","C14","C27","C47","C29","C39","C49","C18","C37"]},{"id":"C1","task_size":3063,"parent_id":["C5","C3","C9","C7","C34","C44","C32","C46","C30","C21","C40","C13","C23","C42","C11","C17","C26","C28","C15","C38","C48","C36","C19"]},{"id":"C2","task_size":516,"parent_id":[]},{"id":"C3","task_size":9328,"parent_id":["C2"]},{"id":"C4","task_size":8767,"parent_id":["C3"]},{"id":"C5","task_size":7540,"parent_id":["C2"]},{"id":"C6","task_size":9033,"parent_id":["C5"]},{"id":"C7","task_size":8548,"parent_id":["C2"]},{"id":"C8","task_size":6656,"parent_id":["C7"]},{"id":"C9","task_size":2381,"parent_id":["C2"]},{"id":"C10","task_size":7794,"parent_id":["C9"]},{"id":"C11","task_size":3110,"parent_id":["C2"]},{"id":"C12","task_size":8093,"parent_id":["C11"]},{"id":"C13","task_size":9394,"parent_id":["C2"]},{"id":"C14","task_size":4799,"parent_id":["C13"]},{"id":"C15","task_size":6750,"parent_id":["C2"]},{"id":"C16","task_size":6415,"parent_id":["C15"]},{"id":"C17","task_size":5650,"parent_id":["C2"]},{"id":"C18","task_size":9357,"parent_id":["C17"]},{"id":"C19","task_size":4813,"parent_id":["C2"]},{"id":"C20","task_size":1135,"parent_id":["C19"]},{"id":"C21","task_size":4139,"parent_id":["C2"]},{"id":"C22","task_size":7211,"parent_id":["C21"]},{"id":"C23","task_size":2508,"parent_id":["C2"]},{"id":"C24","task_size":2344,"parent_id":["C23"]},{"id":"C25","task_size":2346,"parent_id":[]},{"id":"C26","task_size":7956,"parent_id":["C25"]},{"id":"C27","task_size":5831,"parent_id":["C26"]},{"id":"C28","task_size":869,"parent_id":["C25"]},{"id":"C29","task_size":5407,"parent_id":["C28"]},{"id":"C30","task_size":716,"parent_id":["C25"]},{"id":"C31","task_size":5373,"parent_id":["C30"]},{"id":"C32","task_size":1998,"parent_id":["C25"]},{"id":"C33","task_size":1590,"parent_id":["C32"]},{"id":"C34","task_size":538,"parent_id":["C25"]},{"id":"C35","task_size":6496,"parent_id":["C34"]},{"id":"C36","task_size":7323,"parent_id":["C25"]},{"id":"C37","task_size":2332,"parent_id":["C36"]},{"id":"C38","task_size":3232,"parent_id":["C25"]},{"id":"C39","task_size":598,"parent_id":["C38"]},{"id":"C40","task_size":4682,"parent_id":["C25"]},{"id":"C41","task_size":1078,"parent_id":["C40"]},{"id":"C42","task_size":921,"parent_id":["C25"]},{"id":"C43","task_size":5431,"parent_id":["C42"]},{"id":"C44","task_size":4538,"parent_id":["C25"]},{"id":"C45","task_size":2581,"parent_id":["C44"]},{"id":"C46","task_size":2966,"parent_id":["C25"]},{"id":"C47","task_size":2993,"parent_id":["C46"]},{"id":"C48","task_size":4695,"parent_id":["C25"]},{"id":"C49","task_size":508,"parent_id":["C48"]},{"id":"E0","task_size":4905,"parent_id":[]},{"id":"E1","task_size":96331,"parent_id":[]},{"id":"E2","task_size":85625,"parent_id":["E0"]},{"id":"E3","task_size":71103,"parent_id":["E0"]},{"id":"E4","task_size":94347,"parent_id":["E0"]},{"id":"E5","task_size":76478,"parent_id":["E0"]},{"id":"E6","task_size":12758,"parent_id":["E0"]},{"id":"E7","task_size":38388,"parent_id":["E1"]},{"id":"E8","task_size":90131,"parent_id":["E1"]},{"id":"E9","task_size":28573,"parent_id":["E1"]},{"id":"E10","task_size":96658,"parent_id":["E1"]},{"id":"E11","task_size":19657,"parent_id":["E1"]},{"id":"E12","task_size":39171,"parent_id":["E2"]},{"id":"E13","task_size":53514,"parent_id":["E3"]},{"id":"E14","task_size":73980,"parent_id":["E4"]},{"id":"E15","task_size":48993,"parent_id":["E5"]},{"id":"E16","task_size":42951,"parent_id":["E6"]},{"id":"E17","task_size":26268,"parent_id":["E7"]},{"id":"E18","task_size":69762,"parent_id":["E8"]},{"id":"E19","task_size":60011,"parent_id":["E9"]},{"id":"E20","task_size":95166,"parent_id":["E10"]},{"id":"E21","task_size":93768,"parent_id":["E11"]},{"id":"E22","task_size":23045,"parent_id":["E12"]},{"id":"E23","task_size":62552,"parent_id":["E13"]},{"id":"E24","task_size":57808,"parent_id":["E14"]},{"id":"E25","task_size":3569,"parent_id":["E15"]},{"id":"E26","task_size":18125,"parent_id":["E16"]},{"id":"E27","task_size":46175,"parent_id":["E17"]},{"id":"E28","task_size":37661,"parent_id":["E18"]},{"id":"E29","task_size":52977,"parent_id":["E19"]},{"id":"E30","task_size":49746,"parent_id":["E20"]},{"id":"E31","task_size":9871,"parent_id":["E21"]},{"id":"E32","task_size":51244,"parent_id":["E22"]},{"id":"E33","task_size":81128,"parent_id":["E23"]},{"id":"E34","task_size":20437,"parent_id":["E24"]},{"id":"E35","task_size":10513,"parent_id":["E25"]},{"id":"E36","task_size":81202,"parent_id":["E26"]},{"id":"E37","task_size":96395,"parent_id":["E27"]},{"id":"E38","task_size":75814,"parent_id":["E28"]},{"id":"E39","task_size":44083,"parent_id":["E29"]},{"id":"E40","task_size":76786,"parent_id":["E30"]},{"id":"E41","task_size":61179,"parent_id":["E31"]},{"id":"E42","task_size":57913,"parent_id":["E34","E35","E32","E33","E36"]},{"id":"E43","task_size":71575,"parent_id":["E40","E41","E38","E39","E37"]},{"id":"E44","task_size":60850,"parent_id":["E43","E42"]},{"id":"E45","task_size":96158,"parent_id":["E44"]},{"id":"E46","task_size":60079,"parent_id":["E45"]},{"id":"I0","task_size":2910,"parent_id":[]},{"id":"I1","task_size":2270,"parent_id":[]},{"id":"I2","task_size":4153,"parent_id":[]},{"id":"I3","task_size":6268,"parent_id":[]},{"id":"I4","task_size":5068,"parent_id":[]},{"id":"I5","task_size":3742,"parent_id":[]},{"id":"I6","task_size":1325,"parent_id":[]},{"id":"I7","task_size":5286,"parent_id":[]},{"id":"I8","task_size":136,"parent_id":[]},{"id":"I9","task_size":7024,"parent_id":[]},{"id":"I10","task_size":4986,"parent_id":[]},{"id":"I11","task_size":9987,"parent_id":[]},{"id":"I12","task_size":1621,"parent_id":["I0"]},{"id":"I13","task_size":4666,"parent_id":["I1"]},{"id":"I14","task_size":8100,"parent_id":["I2"]},{"id":"I15","task_size":8776,"parent_id":["I3"]},{"id":"I16","task_size":6803,"parent_id":["I4"]},{"id":"I17","task_size":2474,"parent_id":["I5"]},{"id":"I18","task_size":9621,"parent_id":["I6"]},{"id":"I19","task_size":9701,"parent_id":["I7"]},{"id":"I20","task_size":4571,"parent_id":["I8"]},{"id":"I21","task_size":5795,"parent_id":["I9"]},{"id":"I22","task_size":1826,"parent_id":["I10"]},{"id":"I23","task_size":7149,"parent_id":["I11"]},{"id":"I24","task_size":3304,"parent_id":["I20","I21","I12","I22","I13","I23","I16","I17","I14","I15","I18","I19"]},{"id":"I25","task_size":8808,"parent_id":["I24"]},{"id":"I26","task_size":2296,"parent_id":["I24"]},{"id":"I27","task_size":6034,"parent_id":["I24"]},{"id":"I28","task_size":3806,"parent_id":["I24"]},{"id":"I29","task_size":3022,"parent_id":["I24"]},{"id":"I30","task_size":2579,"parent_id":["I24"]},{"id":"I31","task_size":2278,"parent_id":["I24"]},{"id":"I32","task_size":5251,"parent_id":["I24"]},{"id":"I33","task_size":9492,"parent_id":["I24"]},{"id":"I34","task_size":2650,"parent_id":["I24"]},{"id":"I35","task_size":1792,"parent_id":["I24"]},{"id":"I36","task_size":3075,"parent_id":["I24"]},{"id":"I37","task_size":8003,"parent_id":["I25"]},{"id":"I38","task_size":7875,"parent_id":["I26"]},{"id":"I39","task_size":1256,"parent_id":["I27"]},{"id":"I40","task_size":8563,"parent_id":["I28"]},{"id":"I41","task_size":9396,"parent_id":["I29"]},{"id":"I42","task_size":6723,"parent_id":["I30"]},{"id":"I43","task_size":6038,"parent_id":["I31"]},{"id":"I44","task_size":9584,"parent_id":["I32"]},{"id":"I45","task_size":3953,"parent_id":["I33"]},{"id":"I46","task_size":6464,"parent_id":["I34"]},{"id":"I47","task_size":4298,"parent_id":["I35"]},{"id":"I48","task_size":7131,"parent_id":["I36"]},{"id":"I49","task_size":6398,"parent_id":["I43","I44","I45","I46","I40","I41","I42","I47","I38","I48","I39","I37"]},{"id":"M0","task_size":93492,"parent_id":[]},{"id":"M1","task_size":76158,"parent_id":[]},{"id":"M2","task_size":29242,"parent_id":[]},{"id":"M3","task_size":14598,"parent_id":[]},{"id":"M4","task_size":9510,"parent_id":[]},{"id":"M5","task_size":12592,"parent_id":[]},{"id":"M6","task_size":35086,"parent_id":[]},{"id":"M7","task_size":12137,"parent_id":[]},{"id":"M8","task_size":93316,"parent_id":["M0"]},{"id":"M9","task_size":9836,"parent_id":["M1","M0"]},{"id":"M10","task_size":49618,"parent_id":["M2","M0"]},{"id":"M11","task_size":11637,"parent_id":["M0","M3"]},{"id":"M12","task_size":39231,"parent_id":["M0","M5"]},{"id":"M13","task_size":21939,"parent_id":["M1","M0"]},{"id":"M14","task_size":17706,"parent_id":["M1"]},{"id":"M15","task_size":23695,"parent_id":["M2","M1"]},{"id":"M16","task_size":78969,"parent_id":["M1","M4"]},{"id":"M17","task_size":92789,"parent_id":["M1","M7"]},{"id":"M18","task_size":42454,"parent_id":["M2"]},{"id":"M19","task_size":96317,"parent_id":["M2","M3"]},{"id":"M20","task_size":9492,"parent_id":["M1","M3"]},{"id":"M21","task_size":91763,"parent_id":["M3"]},{"id":"M22","task_size":31552,"parent_id":["M4","M3"]},{"id":"M23","task_size":3959,"parent_id":["M5","M3"]},{"id":"M24","task_size":47348,"parent_id":["M0","M4"]},{"id":"M25","task_size":65637,"parent_id":["M4","M3"]},{"id":"M26","task_size":26869,"parent_id":["M4"]},{"id":"M27","task_size":84827,"parent_id":["M0","M5"]},{"id":"M28","task_size":25684,"parent_id":["M1","M5"]},{"id":"M29","task_size":2052,"parent_id":["M5","M3"]},{"id":"M30","task_size":45540,"parent_id":["M6","M5"]},{"id":"M31","task_size":86662,"parent_id":["M6","M4"]},{"id":"M32","task_size":79989,"parent_id":["M2","M7"]},{"id":"M33","task_size":51610,"parent_id":["M3","M7"]},{"id":"M34","task_size":21455,"parent_id":["M5","M7"]},{"id":"M35","task_size":84023,"parent_id":["M7"]},{"id":"M36","task_size":23467,"parent_id":["M9","M8","M34","M35","M32","M33","M12","M30","M13","M31","M10","M11","M16","M17","M14","M15","M18","M19","M20","M21","M22","M23","M24","M25","M26","M27","M28","M29"]},{"id":"M37","task_size":19555,"parent_id":["M36"]},{"id":"M38","task_size":96654,"parent_id":["M0","M37"]},{"id":"M39","task_size":45553,"parent_id":["M1","M37"]},{"id":"M40","task_size":7027,"parent_id":["M2","M37"]},{"id":"M41","task_size":18693,"parent_id":["M3","M37"]},{"id":"M42","task_size":22996,"parent_id":["M4","M37"]},{"id":"M43","task_size":88131,"parent_id":["M5","M37"]},{"id":"M44","task_size":54696,"parent_id":["M6","M37"]},{"id":"M45","task_size":25765,"parent_id":["M7","M37"]},{"id":"M46","task_size":90479,"parent_id":["M43","M44","M45","M40","M41","M42","M38","M39"]},{"id":"M47","task_size":67011,"parent_id":["M46"]},{"id":"M48","task_size":6163,"parent_id":["M47"]},{"id":"M49","task_size":53795,"parent_id":["M48"]},{"id":"S0","task_size":7010,"parent_id":["S2","S1","S6","S5","S4","S3","S9","S8","S7","S12","S13","S10","S11","S16","S17","S14","S15"]},{"id":"S1","task_size":8350,"parent_id":[]},{"id":"S2","task_size":6978,"parent_id":[]},{"id":"S3","task_size":3700,"parent_id":[]},{"id":"S4","task_size":6157,"parent_id":[]},{"id":"S5","task_size":9509,"parent_id":[]},{"id":"S6","task_size":769,"parent_id":[]},{"id":"S7","task_size":524,"parent_id":[]},{"id":"S8","task_size":4802,"parent_id":[]},{"id":"S9","task_size":4475,"parent_id":[]},{"id":"S10","task_size":2111,"parent_id":[]},{"id":"S11","task_size":7177,"parent_id":[]},{"id":"S12","task_size":4927,"parent_id":[]},{"id":"S13","task_size":9395,"parent_id":[]},{"id":"S14","task_size":7827,"parent_id":[]},{"id":"S15","task_size":8203,"parent_id":[]},{"id":"S16","task_size":1786,"parent_id":[]},{"id":"S17","task_size":9863,"parent_id":[]},{"id":"S18","task_size":6398,"parent_id":[]},{"id":"S19","task_size":6597,"parent_id":[]},{"id":"S20","task_size":942,"parent_id":[]},{"id":"S21","task_size":3467,"parent_id":[]},{"id":"S22","task_size":5845,"parent_id":["S20","S21","S18","S19"]},{"id":"S23","task_size":5902,"parent_id":["S22"]},{"id":"S24","task_size":5100,"parent_id":["S22"]},{"id":"S25","task_size":4644,"parent_id":["S22"]},{"id":"S26","task_size":6265,"parent_id":["S22","S23"]},{"id":"S27","task_size":9312,"parent_id":["S22"]},{"id":"S28","task_size":7925,"parent_id":["S22","S0","S24","S25","S26","S27"]}]}