{"tasks":[{"id":"C0","task_size":8320,"parent_id":["C95","C71","C97","C99","C6","C4","C8","C34","C59","C32","C12","C30","C10","C79","C53","C16","C77","C14","C51","C91","C75","C57","C38","C93","C73","C55","C18","C36","C81","C69","C44","C20","C46","C22","C40","C24","C42","C87","C61","C26","C89","C63","C28","C83","C65","C49","C85","C67"]},{"id":"C1","task_size":4755,"parent_id":["C94","C70","C96","C98","C5","C3","C9","C7","C35","C58","C33","C13","C31","C11","C78","C52","C17","C76","C15","C50","C90","C74","C56","C39","C92","C72","C54","C19","C37","C80","C82","C60","C43","C45","C21","C23","C41","C88","C62","C25","C64","C27","C84","C66","C29","C48","C86","C68"]},{"id":"C2","task_size":1779,"parent_id":[]},{"id":"C3","task_size":7182,"parent_id":["C2"]},{"id":"C4","task_size":1720,"parent_id":["C3"]},{"id":"C5","task_size":3149,"parent_id":["C2"]},{"id":"C6","task_size":4388,"parent_id":["C5"]},{"id":"C7","task_size":3551,"parent_id":["C2"]},{"id":"C8","task_size":7400,"parent_id":["C7"]},{"id":"C9","task_size":8584,"parent_id":["C2"]},{"id":"C10","task_size":5592,"parent_id":["C9"]},{"id":"C11","task_size":4331,"parent_id":["C2"]},{"id":"C12","task_size":6640,"parent_id":["C11"]},{"id":"C13","task_size":3175,"parent_id":["C2"]},{"id":"C14","task_size":4753,"parent_id":["C13"]},{"id":"C15","task_size":6864,"parent_id":["C2"]},{"id":"C16","task_size":6973,"parent_id":["C15"]},{"id":"C17","task_size":5322,"parent_id":["C2"]},{"id":"C18","task_size":1687,"parent_id":["C17"]},{"id":"C19","task_size":6046,"parent_id":["C2"]},{"id":"C20","task_size":4012,"parent_id":["C19"]},{"id":"C21","task_size":3582,"parent_id":["C2"]},{"id":"C22","task_size":2500,"parent_id":["C21"]},{"id":"C23","task_size":9110,"parent_id":["C2"]},{"id":"C24","task_size":4146,"parent_id":["C23"]},{"id":"C25","task_size":1668,"parent_id":["C2"]},{"id":"C26","task_size":9266,"parent_id":["C25"]},{"id":"C27","task_size":9167,"parent_id":["C2"]},{"id":"C28","task_size":7349,"parent_id":["C27"]},{"id":"C29","task_size":7251,"parent_id":["C2"]},{"id":"C30","task_size":8346,"parent_id":["C29"]},{"id":"C31","task_size":1944,"parent_id":["C2"]},{"id":"C32","task_size":6134,"parent_id":["C31"]},{"id":"C33","task_size":5386,"parent_id":["C2"]},{"id":"C34","task_size":8698,"parent_id":["C33"]},{"id":"C35","task_size":7800,"parent_id":["C2"]},{"id":"C36","task_size":6991,"parent_id":["C35"]},{"id":"C37","task_size":380,"parent_id":["C2"]},{"id":"C38","task_size":923,"parent_id":["C37"]},{"id":"C39","task_size":8661,"parent_id":["C2"]},{"id":"C40","task_size":2595,"parent_id":["C39"]},{"id":"C41","task_size":2519,"parent_id":["C2"]},{"id":"C42","task_size":3776,"parent_id":["C41"]},{"id":"C43","task_size":5537,"parent_id":["C2"]},{"id":"C44","task_size":8547,"parent_id":["C43"]},{"id":"C45","task_size":9577,"parent_id":["C2"]},{"id":"C46","task_size":7479,"parent_id":["C45"]},{"id":"C47","task_size":9417,"parent_id":[]},{"id":"C48","task_size":7425,"parent_id":["C47"]},{"id":"C49","task_size":785,"parent_id":["C48"]},{"id":"C50","task_size":8142,"parent_id":["C47"]},{"id":"C51","task_size":8114,"parent_id":["C50"]},{"id":"C52","task_size":2089,"parent_id":["C47"]},{"id":"C53","task_size":5456,"parent_id":["C52"]},{"id":"C54","task_size":919,"parent_id":["C47"]},{"id":"C55","task_size":9386,"parent_id":["C54"]},{"id":"C56","task_size":9919,"parent_id":["C47"]},{"id":"C57","task_size":1929,"parent_id":["C56"]},{"id":"C58","task_size":649,"parent_id":["C47"]},{"id":"C59","task_size":3227,"parent_id":["C58"]},{"id":"C60","task_size":4369,"parent_id":["C47"]},{"id":"C61","task_size":8426,"parent_id":["C60"]},{"id":"C62","task_size":230,"parent_id":["C47"]},{"id":"C63","task_size":4671,"parent_id":["C62"]},{"id":"C64","task_size":2719,"parent_id":["C47"]},{"id":"C65","task_size":7594,"parent_id":["C64"]},{"id":"C66","task_size":8311,"parent_id":["C47"]},{"id":"C67","task_size":1794,"parent_id":["C66"]},{"id":"C68","task_size":1876,"parent_id":["C47"]},{"id":"C69","task_size":5173,"parent_id":["C68"]},{"id":"C70","task_size":5030,"parent_id":["C47"]},{"id":"C71","task_size":7020,"parent_id":["C70"]},{"id":"C72","task_size":7059,"parent_id":["C47"]},{"id":"C73","task_size":9384,"parent_id":["C72"]},{"id":"C74","task_size":5165,"parent_id":["C47"]},{"id":"C75","task_size":7790,"parent_id":["C74"]},{"id":"C76","task_size":39,"parent_id":["C47"]},{"id":"C77","task_size":4088,"parent_id":["C76"]},{"id":"C78","task_size":6115,"parent_id":["C47"]},{"id":"C79","task_size":8289,"parent_id":["C78"]},{"id":"C80","task_size":3379,"parent_id":["C47"]},{"id":"C81","task_size":612,"parent_id":["C80"]},{"id":"C82","task_size":9586,"parent_id":["C47"]},{"id":"C83","task_size":7100,"parent_id":["C82"]},{"id":"C84","task_size":4702,"parent_id":["C47"]},{"id":"C85","task_size":8905,"parent_id":["C84"]},{"id":"C86","task_size":4686,"parent_id":["C47"]},{"id":"C87","task_size":2531,"parent_id":["C86"]},{"id":"C88","task_size":3329,"parent_id":["C47"]},{"id":"C89","task_size":76,"parent_id":["C88"]},{"id":"C90","task_size":5111,"parent_id":["C47"]},{"id":"C91","task_size":3706,"parent_id":["C90"]},{"id":"C92","task_size":6079,"parent_id":["C47"]},{"id":"C93","task_size":3672,"parent_id":["C92"]},{"id":"C94","task_size":228,"parent_id":["C47"]},{"id":"C95","task_size":9872,"parent_id":["C94"]},{"id":"C96","task_size":7352,"parent_id":["C47"]},{"id":"C97","task_size":3135,"parent_id":["C96"]},{"id":"C98","task_size":210,"parent_id":["C47"]},{"id":"C99","task_size":2503,"parent_id":["C98"]},{"id":"E0","task_size":54442,"parent_id":[]},{"id":"E1","task_size":40908,"parent_id":["E0"]},{"id":"E2","task_size":30824,"parent_id":["E0"]},{"id":"E3","task_size":2096,"parent_id":["E0"]},{"id":"E4","task_size":95616,"parent_id":["E0"]},{"id":"E5","task_size":49927,"parent_id":["E0"]},{"id":"E6","task_size":43702,"parent_id":["E1"]},{"id":"E7","task_size":50045,"parent_id":["E2"]},{"id":"E8","task_size":89466,"parent_id":["E3"]},{"id":"E9","task_size":61201,"parent_id":["E4"]},{"id":"E10","task_size":8718,"parent_id":["E5"]},{"id":"E11","task_size":97849,"parent_id":["E6"]},{"id":"E12","task_size":65941,"parent_id":["E7"]},{"id":"E13","task_size":37922,"parent_id":["E8"]},{"id":"E14","task_size":58495,"parent_id":["E9"]},{"id":"E15","task_size":84163,"parent_id":["E10"]},{"id":"E16","task_size":90427,"parent_id":["E11"]},{"id":"E17","task_size":29593,"parent_id":["E12"]},{"id":"E18","task_size":11593,"parent_id":["E13"]},{"id":"E19","task_size":80897,"parent_id":["E14"]},{"id":"E20","task_size":21500,"parent_id":["E15"]},{"id":"E21","task_size":29950,"parent_id":["E20","E16","E17","E18","E19"]},{"id":"E22","task_size":41760,"parent_id":["E21"]},{"id":"E23","task_size":21610,"parent_id":["E22"]},{"id":"I0","task_size":572,"parent_id":[]},{"id":"I1","task_size":4218,"parent_id":[]},{"id":"I2","task_size":3743,"parent_id":[]},{"id":"I3","task_size":6660,"parent_id":[]},{"id":"I4","task_size":9332,"parent_id":[]},{"id":"I5","task_size":3449,"parent_id":[]},{"id":"I6","task_size":6092,"parent_id":[]},{"id":"I7","task_size":5781,"parent_id":["I0"]},{"id":"I8","task_size":4284,"parent_id":["I1"]},{"id":"I9","task_size":2191,"parent_id":["I2"]},{"id":"I10","task_size":8320,"parent_id":["I3"]},{"id":"I11","task_size":6385,"parent_id":["I4"]},{"id":"I12","task_size":1439,"parent_id":["I5"]},{"id":"I13","task_size":3699,"parent_id":["I6"]},{"id":"I14","task_size":1280,"parent_id":["I12","I13","I10","I11","I9","I8","I7"]},{"id":"I15","task_size":7152,"parent_id":["I14"]},{"id":"I16","task_size":3635,"parent_id":["I14"]},{"id":"I17","task_size":9107,"parent_id":["I14"]},{"id":"I18","task_size":846,"parent_id":["I14"]},{"id":"I19","task_size":7179,"parent_id":["I14"]},{"id":"I20","task_size":8137,"parent_id":["I14"]},{"id":"I21","task_size":9549,"parent_id":["I14"]},{"id":"I22","task_size":1816,"parent_id":["I15"]},{"id":"I23","task_size":3575,"parent_id":["I16"]},{"id":"I24","task_size":2913,"parent_id":["I17"]},{"id":"I25","task_size":3680,"parent_id":["I18"]},{"id":"I26","task_size":9599,"parent_id":["I19"]},{"id":"I27","task_size":984,"parent_id":["I20"]},{"id":"I28","task_size":9576,"parent_id":["I21"]},{"id":"I29","task_size":6880,"parent_id":["I22","I23","I24","I25","I26","I27","I28"]},{"id":"M0","task_size":23028,"parent_id":[]},{"id":"M1","task_size":10244,"parent_id":[]},{"id":"M2","task_size":29971,"parent_id":[]},{"id":"M3","task_size":31647,"parent_id":[]},{"id":"M4","task_size":26006,"parent_id":[]},{"id":"M5","task_size":48104,"parent_id":[]},{"id":"M6","task_size":59835,"parent_id":[]},{"id":"M7","task_size":31797,"parent_id":[]},{"id":"M8","task_size":81689,"parent_id":[]},{"id":"M9","task_size":47976,"parent_id":[]},{"id":"M10","task_size":38754,"parent_id":[]},{"id":"M11","task_size":87221,"parent_id":[]},{"id":"M12","task_size":45125,"parent_id":[]},{"id":"M13","task_size":98892,"parent_id":[]},{"id":"M14","task_size":27738,"parent_id":[]},{"id":"M15","task_size":20428,"parent_id":[]},{"id":"M16","task_size":64732,"parent_id":["M1","M0"]},{"id":"M17","task_size":54469,"parent_id":["M0","M9"]},{"id":"M18","task_size":90040,"parent_id":["M0","M11"]},{"id":"M19","task_size":21165,"parent_id":["M13","M0"]},{"id":"M20","task_size":27646,"parent_id":["M1","M0"]},{"id":"M21","task_size":88394,"parent_id":["M1","M3"]},{"id":"M22","task_size":886,"parent_id":["M1","M6"]},{"id":"M23","task_size":77646,"parent_id":["M1","M7"]},{"id":"M24","task_size":16902,"parent_id":["M1","M8"]},{"id":"M25","task_size":16898,"parent_id":["M1","M9"]},{"id":"M26","task_size":64058,"parent_id":["M12","M1"]},{"id":"M27","task_size":54875,"parent_id":["M13","M1"]},{"id":"M28","task_size":89770,"parent_id":["M1","M15"]},{"id":"M29","task_size":48472,"parent_id":["M2","M3"]},{"id":"M30","task_size":50685,"parent_id":["M2","M6"]},{"id":"M31","task_size":6720,"parent_id":["M3","M7"]},{"id":"M32","task_size":65065,"parent_id":["M12","M3"]},{"id":"M33","task_size":82061,"parent_id":["M13","M3"]},{"id":"M34","task_size":23873,"parent_id":["M15","M3"]},{"id":"M35","task_size":26183,"parent_id":["M2","M4"]},{"id":"M36","task_size":67633,"parent_id":["M12","M4"]},{"id":"M37","task_size":26742,"parent_id":["M13","M4"]},{"id":"M38","task_size":89759,"parent_id":["M1","M5"]},{"id":"M39","task_size":53695,"parent_id":["M1","M6"]},{"id":"M40","task_size":47160,"parent_id":["M6","M4"]},{"id":"M41","task_size":86019,"parent_id":["M6","M8"]},{"id":"M42","task_size":55554,"parent_id":["M6","M9"]},{"id":"M43","task_size":14213,"parent_id":["M10","M6"]},{"id":"M44","task_size":35715,"parent_id":["M12","M6"]},{"id":"M45","task_size":76832,"parent_id":["M0","M7"]},{"id":"M46","task_size":29980,"parent_id":["M2","M7"]},{"id":"M47","task_size":7230,"parent_id":["M3","M7"]},{"id":"M48","task_size":9600,"parent_id":["M11","M7"]},{"id":"M49","task_size":13384,"parent_id":["M4","M8"]},{"id":"M50","task_size":25855,"parent_id":["M8","M7"]},{"id":"M51","task_size":33153,"parent_id":["M8"]},{"id":"M52","task_size":16152,"parent_id":["M10","M8"]},{"id":"M53","task_size":20617,"parent_id":["M11","M8"]},{"id":"M54","task_size":65833,"parent_id":["M9"]},{"id":"M55","task_size":9051,"parent_id":["M1","M10"]},{"id":"M56","task_size":7798,"parent_id":["M10","M3"]},{"id":"M57","task_size":64149,"parent_id":["M10","M5"]},{"id":"M58","task_size":62003,"parent_id":["M10","M7"]},{"id":"M59","task_size":53536,"parent_id":["M10"]},{"id":"M60","task_size":25642,"parent_id":["M13","M10"]},{"id":"M61","task_size":66588,"parent_id":["M10","M14"]},{"id":"M62","task_size":83403,"parent_id":["M0","M11"]},{"id":"M63","task_size":23257,"parent_id":["M11","M8"]},{"id":"M64","task_size":48810,"parent_id":["M11","M14"]},{"id":"M65","task_size":17968,"parent_id":["M12","M4"]},{"id":"M66","task_size":99704,"parent_id":["M12"]},{"id":"M67","task_size":97948,"parent_id":["M12","M15"]},{"id":"M68","task_size":88219,"parent_id":["M1","M13"]},{"id":"M69","task_size":65104,"parent_id":["M13","M5"]},{"id":"M70","task_size":59287,"parent_id":["M13","M7"]},{"id":"M71","task_size":18065,"parent_id":["M12","M13"]},{"id":"M72","task_size":35612,"parent_id":["M13"]},{"id":"M73","task_size":70958,"parent_id":["M2","M15"]},{"id":"M74","task_size":87880,"parent_id":["M3","M15"]},{"id":"M75","task_size":44929,"parent_id":["M15","M8"]},{"id":"M76","task_size":97336,"parent_id":["M11","M15"]},{"id":"M77","task_size":7273,"parent_id":["M14","M15"]},{"id":"M78","task_size":3270,"parent_id":["M59","M58","M16","M53","M17","M52","M51","M50","M57","M56","M18","M55","M19","M54","M60","M69","M20","M21","M22","M23","M24","M25","M62","M26","M61","M27","M64","M28","M63","M66","M29","M65","M68","M67","M70","M71","M34","M35","M32","M33","M30","M31","M77","M76","M75","M38","M74","M39","M73","M36","M72","M37","M43","M44","M45","M46","M40","M41","M42","M47","M48","M49"]},{"id":"M79","task_size":91318,"parent_id":["M78"]},{"id":"M80","task_size":41805,"parent_id":["M0","M79"]},{"id":"M81","task_size":36973,"parent_id":["M1","M79"]},{"id":"M82","task_size":99583,"parent_id":["M2","M79"]},{"id":"M83","task_size":49415,"parent_id":["M79","M3"]},{"id":"M84","task_size":7005,"parent_id":["M79","M4"]},{"id":"M85","task_size":49016,"parent_id":["M79","M5"]},{"id":"M86","task_size":24877,"parent_id":["M6","M79"]},{"id":"M87","task_size":33353,"parent_id":["M79","M7"]},{"id":"M88","task_size":9333,"parent_id":["M79","M8"]},{"id":"M89","task_size":8314,"parent_id":["M79","M9"]},{"id":"M90","task_size":62696,"parent_id":["M10","M79"]},{"id":"M91","task_size":80314,"parent_id":["M11","M79"]},{"id":"M92","task_size":66419,"parent_id":["M12","M79"]},{"id":"M93","task_size":41922,"parent_id":["M13","M79"]},{"id":"M94","task_size":42140,"parent_id":["M79","M14"]},{"id":"M95","task_size":11972,"parent_id":["M79","M15"]},{"id":"M96","task_size":73347,"parent_id":["M94","M95","M80","M81","M82","M88","M87","M89","M84","M91","M83","M90","M93","M86","M85","M92"]},{"id":"M97","task_size":97387,"parent_id":["M96"]},{"id":"M98","task_size":93737,"parent_id":["M97"]},{"id":"M99","task_size":71525,"parent_id":["M98"]},{"id":"S0","task_size":7010,"parent_id":["S2","S1","S6","S5","S4","S3","S9","S8","S7","S12","S13","S10","S11","S16","S17","S14","S15"]},{"id":"S1","task_size":8350,"parent_id":[]},{"id":"S2","task_size":6978,"parent_id":[]},{"id":"S3","task_size":3700,"parent_id":[]},{"id":"S4","task_size":6157,"parent_id":[]},{"id":"S5","task_size":9509,"parent_id":[]},{"id":"S6","task_size":769,"parent_id":[]},{"id":"S7","task_size":524,"parent_id":[]},{"id":"S8","task_size":4802,"parent_id":[]},{"id":"S9","task_size":4475,"parent_id":[]},{"id":"S10","task_size":2111,"parent_id":[]},{"id":"S11","task_size":7177,"parent_id":[]},{"id":"S12","task_size":4927,"parent_id":[]},{"id":"S13","task_size":9395,"parent_id":[]},{"id":"S14","task_size":7827,"parent_id":[]},{"id":"S15","task_size":8203,"parent_id":[]},{"id":"S16","task_size":1786,"parent_id":[]},{"id":"S17","task_size":9863,"parent_id":[]},{"id":"S18","task_size":6398,"parent_id":[]},{"id":"S19","task_size":6597,"parent_id":[]},{"id":"S20","task_size":942,"parent_id":[]},{"id":"S21","task_size":3467,"parent_id":[]},{"id":"S22","task_size":5845,"parent_id":["S20","S21","S18","S19"]},{"id":"S23","task_size":5902,"parent_id":["S22"]},{"id":"S24","task_size":5100,"parent_id":["S22"]},{"id":"S25","task_size":4644,"parent_id":["S22"]},{"id":"S26","task_size":6265,"parent_id":["S22","S23"]},{"id":"S27","task_size":9312,"parent_id":["S22"]},{"id":"S28","task_size":7925,"parent_id":["S22","S0","S24","S25","S26","S27"]}]}