{"tasks":[{"id":"C0","task_size":8320,"parent_id":["C95","C71","C97","C99","C6","C4","C8","C34","C59","C32","C12","C30","C10","C79","C53","C16","C77","C14","C51","C91","C75","C57","C38","C93","C73","C55","C18","C36","C81","C69","C44","C20","C46","C22","C40","C24","C42","C87","C61","C26","C89","C63","C28","C83","C65","C49","C85","C67"]},{"id":"C1","task_size":4755,"parent_id":["C94","C70","C96","C98","C5","C3","C9","C7","C35","C58","C33","C13","C31","C11","C78","C52","C17","C76","C15","C50","C90","C74","C56","C39","C92","C72","C54","C19","C37","C80","C82","C60","C43","C45","C21","C23","C41","C88","C62","C25","C64","C27","C84","C66","C29","C48","C86","C68"]},{"id":"C2","task_size":1779,"parent_id":[]},{"id":"C3","task_size":7182,"parent_id":["C2"]},{"id":"C4","task_size":1720,"parent_id":["C3"]},{"id":"C5","task_size":3149,"parent_id":["C2"]},{"id":"C6","task_size":4388,"parent_id":["C5"]},{"id":"C7","task_size":3551,"parent_id":["C2"]},{"id":"C8","task_size":7400,"parent_id":["C7"]},{"id":"C9","task_size":8584,"parent_id":["C2"]},{"id":"C10","task_size":5592,"parent_id":["C9"]},{"id":"C11","task_size":4331,"parent_id":["C2"]},{"id":"C12","task_size":6640,"parent_id":["C11"]},{"id":"C13","task_size":3175,"parent_id":["C2"]},{"id":"C14","task_size":4753,"parent_id":["C13"]},{"id":"C15","task_size":6864,"parent_id":["C2"]},{"id":"C16","task_size":6973,"parent_id":["C15"]},{"id":"C17","task_size":5322,"parent_id":["C2"]},{"id":"C18","task_size":1687,"parent_id":["C17"]},{"id":"C19","task_size":6046,"parent_id":["C2"]},{"id":"C20","task_size":4012,"parent_id":["C19"]},{"id":"C21","task_size":3582,"parent_id":["C2"]},{"id":"C22","task_size":2500,"parent_id":["C21"]},{"id":"C23","task_size":9110,"parent_id":["C2"]},{"id":"C24","task_size":4146,"parent_id":["C23"]},{"id":"C25","task_size":1668,"parent_id":["C2"]},{"id":"C26","task_size":9266,"parent_id":["C25"]},{"id":"C27","task_size":9167,"parent_id":["C2"]},{"id":"C28","task_size":7349,"parent_id":["C27"]},{"id":"C29","task_size":7251,"parent_id":["C2"]},{"id":"C30","task_size":8346,"parent_id":["C29"]},{"id":"C31","task_size":1944,"parent_id":["C2"]},{"id":"C32","task_size":6134,"parent_id":["C31"]},{"id":"C33","task_size":5386,"parent_id":["C2"]},{"id":"C34","task_size":8698,"parent_id":["C33"]},{"id":"C35","task_size":7800,"parent_id":["C2"]},{"id":"C36","task_size":6991,"parent_id":["C35"]},{"id":"C37","task_size":380,"parent_id":["C2"]},{"id":"C38","task_size":923,"parent_id":["C37"]},{"id":"C39","task_size":8661,"parent_id":["C2"]},{"id":"C40","task_size":2595,"parent_id":["C39"]},{"id":"C41","task_size":2519,"parent_id":["C2"]},{"id":"C42","task_size":3776,"parent_id":["C41"]},{"id":"C43","task_size":5537,"parent_id":["C2"]},{"id":"C44","task_size":8547,"parent_id":["C43"]},{"id":"C45","task_size":9577,"parent_id":["C2"]},{"id":"C46","task_size":7479,"parent_id":["C45"]},{"id":"C47","task_size":9417,"parent_id":[]},{"id":"C48","task_size":7425,"parent_id":["C47"]},{"id":"C49","task_size":785,"parent_id":["C48"]},{"id":"C50","task_size":8142,"parent_id":["C47"]},{"id":"C51","task_size":8114,"parent_id":["C50"]},{"id":"C52","task_size":2089,"parent_id":["C47"]},{"id":"C53","task_size":5456,"parent_id":["C52"]},{"id":"C54","task_size":919,"parent_id":["C47"]},{"id":"C55","task_size":9386,"parent_id":["C54"]},{"id":"C56","task_size":9919,"parent_id":["C47"]},{"id":"C57","task_size":1929,"parent_id":["C56"]},{"id":"C58","task_size":649,"parent_id":["C47"]},{"id":"C59","task_size":3227,"parent_id":["C58"]},{"id":"C60","task_size":4369,"parent_id":["C47"]},{"id":"C61","task_size":8426,"parent_id":["C60"]},{"id":"C62","task_size":230,"parent_id":["C47"]},{"id":"C63","task_size":4671,"parent_id":["C62"]},{"id":"C64","task_size":2719,"parent_id":["C47"]},{"id":"C65","task_size":7594,"parent_id":["C64"]},{"id":"C66","task_size":8311,"parent_id":["C47"]},{"id":"C67","task_size":1794,"parent_id":["C66"]},{"id":"C68","task_size":1876,"parent_id":["C47"]},{"id":"C69","task_size":5173,"parent_id":["C68"]},{"id":"C70","task_size":5030,"parent_id":["C47"]},{"id":"C71","task_size":7020,"parent_id":["C70"]},{"id":"C72","task_size":7059,"parent_id":["C47"]},{"id":"C73","task_size":9384,"parent_id":["C72"]},{"id":"C74","task_size":5165,"parent_id":["C47"]},{"id":"C75","task_size":7790,"parent_id":["C74"]},{"id":"C76","task_size":39,"parent_id":["C47"]},{"id":"C77","task_size":4088,"parent_id":["C76"]},{"id":"C78","task_size":6115,"parent_id":["C47"]},{"id":"C79","task_size":8289,"parent_id":["C78"]},{"id":"C80","task_size":3379,"parent_id":["C47"]},{"id":"C81","task_size":612,"parent_id":["C80"]},{"id":"C82","task_size":9586,"parent_id":["C47"]},{"id":"C83","task_size":7100,"parent_id":["C82"]},{"id":"C84","task_size":4702,"parent_id":["C47"]},{"id":"C85","task_size":8905,"parent_id":["C84"]},{"id":"C86","task_size":4686,"parent_id":["C47"]},{"id":"C87","task_size":2531,"parent_id":["C86"]},{"id":"C88","task_size":3329,"parent_id":["C47"]},{"id":"C89","task_size":76,"parent_id":["C88"]},{"id":"C90","task_size":5111,"parent_id":["C47"]},{"id":"C91","task_size":3706,"parent_id":["C90"]},{"id":"C92","task_size":6079,"parent_id":["C47"]},{"id":"C93","task_size":3672,"parent_id":["C92"]},{"id":"C94","task_size":228,"parent_id":["C47"]},{"id":"C95","task_size":9872,"parent_id":["C94"]},{"id":"C96","task_size":7352,"parent_id":["C47"]},{"id":"C97","task_size":3135,"parent_id":["C96"]},{"id":"C98","task_size":210,"parent_id":["C47"]},{"id":"C99","task_size":2503,"parent_id":["C98"]},{"id":"E0","task_size":72234,"parent_id":[]},{"id":"E1","task_size":66346,"parent_id":["E0"]},{"id":"E2","task_size":40448,"parent_id":["E0"]},{"id":"E3","task_size":33786,"parent_id":["E0"]},{"id":"E4","task_size":89468,"parent_id":["E0"]},{"id":"E5","task_size":52920,"parent_id":["E0"]},{"id":"E6","task_size":16489,"parent_id":["E0"]},{"id":"E7","task_size":30123,"parent_id":["E0"]},{"id":"E8","task_size":27347,"parent_id":["E0"]},{"id":"E9","task_size":12362,"parent_id":["E0"]},{"id":"E10","task_size":87275,"parent_id":["E0"]},{"id":"E11","task_size":84632,"parent_id":["E0"]},{"id":"E12","task_size":56069,"parent_id":["E0"]},{"id":"E13","task_size":23190,"parent_id":["E0"]},{"id":"E14","task_size":69664,"parent_id":["E0"]},{"id":"E15","task_size":28468,"parent_id":["E0"]},{"id":"E16","task_size":2842,"parent_id":["E0"]},{"id":"E17","task_size":41117,"parent_id":["E0"]},{"id":"E18","task_size":78630,"parent_id":["E0"]},{"id":"E19","task_size":28823,"parent_id":["E0"]},{"id":"E20","task_size":12528,"parent_id":["E0"]},{"id":"E21","task_size":96985,"parent_id":["E0"]},{"id":"E22","task_size":2353,"parent_id":["E0"]},{"id":"E23","task_size":19108,"parent_id":["E0"]},{"id":"E24","task_size":27549,"parent_id":["E0"]},{"id":"E25","task_size":88903,"parent_id":["E1"]},{"id":"E26","task_size":73749,"parent_id":["E2"]},{"id":"E27","task_size":10431,"parent_id":["E3"]},{"id":"E28","task_size":26417,"parent_id":["E4"]},{"id":"E29","task_size":53817,"parent_id":["E5"]},{"id":"E30","task_size":34207,"parent_id":["E6"]},{"id":"E31","task_size":80353,"parent_id":["E7"]},{"id":"E32","task_size":23292,"parent_id":["E8"]},{"id":"E33","task_size":13675,"parent_id":["E9"]},{"id":"E34","task_size":80733,"parent_id":["E10"]},{"id":"E35","task_size":97567,"parent_id":["E11"]},{"id":"E36","task_size":53629,"parent_id":["E12"]},{"id":"E37","task_size":58136,"parent_id":["E13"]},{"id":"E38","task_size":70056,"parent_id":["E14"]},{"id":"E39","task_size":79727,"parent_id":["E15"]},{"id":"E40","task_size":91181,"parent_id":["E16"]},{"id":"E41","task_size":3748,"parent_id":["E17"]},{"id":"E42","task_size":73845,"parent_id":["E18"]},{"id":"E43","task_size":81546,"parent_id":["E19"]},{"id":"E44","task_size":41036,"parent_id":["E20"]},{"id":"E45","task_size":21351,"parent_id":["E21"]},{"id":"E46","task_size":4089,"parent_id":["E22"]},{"id":"E47","task_size":48316,"parent_id":["E23"]},{"id":"E48","task_size":62987,"parent_id":["E24"]},{"id":"E49","task_size":49361,"parent_id":["E25"]},{"id":"E50","task_size":34949,"parent_id":["E26"]},{"id":"E51","task_size":96653,"parent_id":["E27"]},{"id":"E52","task_size":48688,"parent_id":["E28"]},{"id":"E53","task_size":78183,"parent_id":["E29"]},{"id":"E54","task_size":1886,"parent_id":["E30"]},{"id":"E55","task_size":85493,"parent_id":["E31"]},{"id":"E56","task_size":53723,"parent_id":["E32"]},{"id":"E57","task_size":42552,"parent_id":["E33"]},{"id":"E58","task_size":82399,"parent_id":["E34"]},{"id":"E59","task_size":44179,"parent_id":["E35"]},{"id":"E60","task_size":84499,"parent_id":["E36"]},{"id":"E61","task_size":87538,"parent_id":["E37"]},{"id":"E62","task_size":98567,"parent_id":["E38"]},{"id":"E63","task_size":57857,"parent_id":["E39"]},{"id":"E64","task_size":10463,"parent_id":["E40"]},{"id":"E65","task_size":1857,"parent_id":["E41"]},{"id":"E66","task_size":81837,"parent_id":["E42"]},{"id":"E67","task_size":38130,"parent_id":["E43"]},{"id":"E68","task_size":61779,"parent_id":["E44"]},{"id":"E69","task_size":12161,"parent_id":["E45"]},{"id":"E70","task_size":48641,"parent_id":["E46"]},{"id":"E71","task_size":32821,"parent_id":["E47"]},{"id":"E72","task_size":81156,"parent_id":["E48"]},{"id":"E73","task_size":54675,"parent_id":["E49"]},{"id":"E74","task_size":24040,"parent_id":["E50"]},{"id":"E75","task_size":89983,"parent_id":["E51"]},{"id":"E76","task_size":40758,"parent_id":["E52"]},{"id":"E77","task_size":20036,"parent_id":["E53"]},{"id":"E78","task_size":69478,"parent_id":["E54"]},{"id":"E79","task_size":51472,"parent_id":["E55"]},{"id":"E80","task_size":27113,"parent_id":["E56"]},{"id":"E81","task_size":94953,"parent_id":["E57"]},{"id":"E82","task_size":43515,"parent_id":["E58"]},{"id":"E83","task_size":28112,"parent_id":["E59"]},{"id":"E84","task_size":69316,"parent_id":["E60"]},{"id":"E85","task_size":26348,"parent_id":["E61"]},{"id":"E86","task_size":4458,"parent_id":["E62"]},{"id":"E87","task_size":3150,"parent_id":["E63"]},{"id":"E88","task_size":3768,"parent_id":["E64"]},{"id":"E89","task_size":25462,"parent_id":["E65"]},{"id":"E90","task_size":29019,"parent_id":["E66"]},{"id":"E91","task_size":34863,"parent_id":["E67"]},{"id":"E92","task_size":86866,"parent_id":["E68"]},{"id":"E93","task_size":96334,"parent_id":["E69"]},{"id":"E94","task_size":3701,"parent_id":["E70"]},{"id":"E95","task_size":54747,"parent_id":["E71"]},{"id":"E96","task_size":77847,"parent_id":["E72"]},{"id":"E97","task_size":84005,"parent_id":["E94","E95","E80","E96","E81","E82","E88","E79","E87","E78","E77","E89","E76","E91","E75","E84","E90","E74","E83","E93","E86","E73","E92","E85"]},{"id":"E98","task_size":38402,"parent_id":["E97"]},{"id":"E99","task_size":41760,"parent_id":["E98"]},{"id":"I0","task_size":572,"parent_id":[]},{"id":"I1","task_size":4218,"parent_id":[]},{"id":"I2","task_size":3743,"parent_id":[]},{"id":"I3","task_size":6660,"parent_id":[]},{"id":"I4","task_size":9332,"parent_id":[]},{"id":"I5","task_size":3449,"parent_id":[]},{"id":"I6","task_size":6092,"parent_id":[]},{"id":"I7","task_size":5781,"parent_id":["I0"]},{"id":"I8","task_size":4284,"parent_id":["I1"]},{"id":"I9","task_size":2191,"parent_id":["I2"]},{"id":"I10","task_size":8320,"parent_id":["I3"]},{"id":"I11","task_size":6385,"parent_id":["I4"]},{"id":"I12","task_size":1439,"parent_id":["I5"]},{"id":"I13","task_size":3699,"parent_id":["I6"]},{"id":"I14","task_size":1280,"parent_id":["I12","I13","I10","I11","I9","I8","I7"]},{"id":"I15","task_size":7152,"parent_id":["I14"]},{"id":"I16","task_size":3635,"parent_id":["I14"]},{"id":"I17","task_size":9107,"parent_id":["I14"]},{"id":"I18","task_size":846,"parent_id":["I14"]},{"id":"I19","task_size":7179,"parent_id":["I14"]},{"id":"I20","task_size":8137,"parent_id":["I14"]},{"id":"I21","task_size":9549,"parent_id":["I14"]},{"id":"I22","task_size":1816,"parent_id":["I15"]},{"id":"I23","task_size":3575,"parent_id":["I16"]},{"id":"I24","task_size":2913,"parent_id":["I17"]},{"id":"I25","task_size":3680,"parent_id":["I18"]},{"id":"I26","task_size":9599,"parent_id":["I19"]},{"id":"I27","task_size":984,"parent_id":["I20"]},{"id":"I28","task_size":9576,"parent_id":["I21"]},{"id":"I29","task_size":6880,"parent_id":["I22","I23","I24","I25","I26","I27","I28"]},{"id":"M0","task_size":23028,"parent_id":[]},{"id":"M1","task_size":10244,"parent_id":[]},{"id":"M2","task_size":29971,"parent_id":[]},{"id":"M3","task_size":31647,"parent_id":[]},{"id":"M4","task_size":26006,"parent_id":[]},{"id":"M5","task_size":48104,"parent_id":[]},{"id":"M6","task_size":59835,"parent_id":[]},{"id":"M7","task_size":31797,"parent_id":[]},{"id":"M8","task_size":81689,"parent_id":[]},{"id":"M9","task_size":47976,"parent_id":[]},{"id":"M10","task_size":38754,"parent_id":[]},{"id":"M11","task_size":87221,"parent_id":[]},{"id":"M12","task_size":45125,"parent_id":[]},{"id":"M13","task_size":98892,"parent_id":[]},{"id":"M14","task_size":27738,"parent_id":[]},{"id":"M15","task_size":20428,"parent_id":[]},{"id":"M16","task_size":64732,"parent_id":["M1","M0"]},{"id":"M17","task_size":54469,"parent_id":["M0","M9"]},{"id":"M18","task_size":90040,"parent_id":["M0","M11"]},{"id":"M19","task_size":21165,"parent_id":["M13","M0"]},{"id":"M20","task_size":27646,"parent_id":["M1","M0"]},{"id":"M21","task_size":88394,"parent_id":["M1","M3"]},{"id":"M22","task_size":886,"parent_id":["M1","M6"]},{"id":"M23","task_size":77646,"parent_id":["M1","M7"]},{"id":"M24","task_size":16902,"parent_id":["M1","M8"]},{"id":"M25","task_size":16898,"parent_id":["M1","M9"]},{"id":"M26","task_size":64058,"parent_id":["M12","M1"]},{"id":"M27","task_size":54875,"parent_id":["M13","M1"]},{"id":"M28","task_size":89770,"parent_id":["M1","M15"]},{"id":"M29","task_size":48472,"parent_id":["M2","M3"]},{"id":"M30","task_size":50685,"parent_id":["M2","M6"]},{"id":"M31","task_size":6720,"parent_id":["M3","M7"]},{"id":"M32","task_size":65065,"parent_id":["M12","M3"]},{"id":"M33","task_size":82061,"parent_id":["M13","M3"]},{"id":"M34","task_size":23873,"parent_id":["M15","M3"]},{"id":"M35","task_size":26183,"parent_id":["M2","M4"]},{"id":"M36","task_size":67633,"parent_id":["M12","M4"]},{"id":"M37","task_size":26742,"parent_id":["M13","M4"]},{"id":"M38","task_size":89759,"parent_id":["M1","M5"]},{"id":"M39","task_size":53695,"parent_id":["M1","M6"]},{"id":"M40","task_size":47160,"parent_id":["M6","M4"]},{"id":"M41","task_size":86019,"parent_id":["M6","M8"]},{"id":"M42","task_size":55554,"parent_id":["M6","M9"]},{"id":"M43","task_size":14213,"parent_id":["M10","M6"]},{"id":"M44","task_size":35715,"parent_id":["M12","M6"]},{"id":"M45","task_size":76832,"parent_id":["M0","M7"]},{"id":"M46","task_size":29980,"parent_id":["M2","M7"]},{"id":"M47","task_size":7230,"parent_id":["M3","M7"]},{"id":"M48","task_size":9600,"parent_id":["M11","M7"]},{"id":"M49","task_size":13384,"parent_id":["M4","M8"]},{"id":"M50","task_size":25855,"parent_id":["M8","M7"]},{"id":"M51","task_size":33153,"parent_id":["M8"]},{"id":"M52","task_size":16152,"parent_id":["M10","M8"]},{"id":"M53","task_size":20617,"parent_id":["M11","M8"]},{"id":"M54","task_size":65833,"parent_id":["M9"]},{"id":"M55","task_size":9051,"parent_id":["M1","M10"]},{"id":"M56","task_size":7798,"parent_id":["M10","M3"]},{"id":"M57","task_size":64149,"parent_id":["M10","M5"]},{"id":"M58","task_size":62003,"parent_id":["M10","M7"]},{"id":"M59","task_size":53536,"parent_id":["M10"]},{"id":"M60","task_size":25642,"parent_id":["M13","M10"]},{"id":"M61","task_size":66588,"parent_id":["M10","M14"]},{"id":"M62","task_size":83403,"parent_id":["M0","M11"]},{"id":"M63","task_size":23257,"parent_id":["M11","M8"]},{"id":"M64","task_size":48810,"parent_id":["M11","M14"]},{"id":"M65","task_size":17968,"parent_id":["M12","M4"]},{"id":"M66","task_size":99704,"parent_id":["M12"]},{"id":"M67","task_size":97948,"parent_id":["M12","M15"]},{"id":"M68","task_size":88219,"parent_id":["M1","M13"]},{"id":"M69","task_size":65104,"parent_id":["M13","M5"]},{"id":"M70","task_size":59287,"parent_id":["M13","M7"]},{"id":"M71","task_size":18065,"parent_id":["M12","M13"]},{"id":"M72","task_size":35612,"parent_id":["M13"]},{"id":"M73","task_size":70958,"parent_id":["M2","M15"]},{"id":"M74","task_size":87880,"parent_id":["M3","M15"]},{"id":"M75","task_size":44929,"parent_id":["M15","M8"]},{"id":"M76","task_size":97336,"parent_id":["M11","M15"]},{"id":"M77","task_size":7273,"parent_id":["M14","M15"]},{"id":"M78","task_size":3270,"parent_id":["M59","M58","M16","M53","M17","M52","M51","M50","M57","M56","M18","M55","M19","M54","M60","M69","M20","M21","M22","M23","M24","M25","M62","M26","M61","M27","M64","M28","M63","M66","M29","M65","M68","M67","M70","M71","M34","M35","M32","M33","M30","M31","M77","M76","M75","M38","M74","M39","M73","M36","M72","M37","M43","M44","M45","M46","M40","M41","M42","M47","M48","M49"]},{"id":"M79","task_size":91318,"parent_id":["M78"]},{"id":"M80","task_size":41805,"parent_id":["M0","M79"]},{"id":"M81","task_size":36973,"parent_id":["M1","M79"]},{"id":"M82","task_size":99583,"parent_id":["M2","M79"]},{"id":"M83","task_size":49415,"parent_id":["M79","M3"]},{"id":"M84","task_size":7005,"parent_id":["M79","M4"]},{"id":"M85","task_size":49016,"parent_id":["M79","M5"]},{"id":"M86","task_size":24877,"parent_id":["M6","M79"]},{"id":"M87","task_size":33353,"parent_id":["M79","M7"]},{"id":"M88","task_size":9333,"parent_id":["M79","M8"]},{"id":"M89","task_size":8314,"parent_id":["M79","M9"]},{"id":"M90","task_size":62696,"parent_id":["M10","M79"]},{"id":"M91","task_size":80314,"parent_id":["M11","M79"]},{"id":"M92","task_size":66419,"parent_id":["M12","M79"]},{"id":"M93","task_size":41922,"parent_id":["M13","M79"]},{"id":"M94","task_size":42140,"parent_id":["M79","M14"]},{"id":"M95","task_size":11972,"parent_id":["M79","M15"]},{"id":"M96","task_size":73347,"parent_id":["M94","M95","M80","M81","M82","M88","M87","M89","M84","M91","M83","M90","M93","M86","M85","M92"]},{"id":"M97","task_size":97387,"parent_id":["M96"]},{"id":"M98","task_size":93737,"parent_id":["M97"]},{"id":"M99","task_size":71525,"parent_id":["M98"]},{"id":"S0","task_size":5126,"parent_id":["S2","S1","S6","S5","S4","S3","S9","S8","S7","S12","S13","S10","S11","S16","S17","S14","S15","S18","S19"]},{"id":"S1","task_size":8916,"parent_id":[]},{"id":"S2","task_size":3820,"parent_id":[]},{"id":"S3","task_size":15,"parent_id":[]},{"id":"S4","task_size":4087,"parent_id":[]},{"id":"S5","task_size":8152,"parent_id":[]},{"id":"S6","task_size":2441,"parent_id":[]},{"id":"S7","task_size":6636,"parent_id":[]},{"id":"S8","task_size":6103,"parent_id":[]},{"id":"S9","task_size":9301,"parent_id":[]},{"id":"S10","task_size":9610,"parent_id":[]},{"id":"S11","task_size":7570,"parent_id":[]},{"id":"S12","task_size":3819,"parent_id":[]},{"id":"S13","task_size":4775,"parent_id":[]},{"id":"S14","task_size":3086,"parent_id":[]},{"id":"S15","task_size":6891,"parent_id":[]},{"id":"S16","task_size":6127,"parent_id":[]},{"id":"S17","task_size":8064,"parent_id":[]},{"id":"S18","task_size":3047,"parent_id":[]},{"id":"S19","task_size":4939,"parent_id":[]},{"id":"S20","task_size":4544,"parent_id":[]},{"id":"S21","task_size":1859,"parent_id":[]},{"id":"S22","task_size":1838,"parent_id":[]},{"id":"S23","task_size":1658,"parent_id":[]},{"id":"S24","task_size":4932,"parent_id":["S20","S21","S22","S23"]},{"id":"S25","task_size":7725,"parent_id":["S24"]},{"id":"S26","task_size":9631,"parent_id":["S24"]},{"id":"S27","task_size":1309,"parent_id":["S24"]},{"id":"S28","task_size":7665,"parent_id":["S24","S25"]},{"id":"S29","task_size":9550,"parent_id":["S24"]},{"id":"S30","task_size":3719,"parent_id":["S0","S24","S26","S27","S28","S29"]},{"id":"S31","task_size":2181,"parent_id":["S34","S43","S35","S44","S45","S32","S46","S33","S40","S41","S42","S50","S47","S38","S48","S39","S49","S36","S37"]},{"id":"S32","task_size":7649,"parent_id":[]},{"id":"S33","task_size":852,"parent_id":[]},{"id":"S34","task_size":5435,"parent_id":[]},{"id":"S35","task_size":1106,"parent_id":[]},{"id":"S36","task_size":8254,"parent_id":[]},{"id":"S37","task_size":7155,"parent_id":[]},{"id":"S38","task_size":4216,"parent_id":[]},{"id":"S39","task_size":2708,"parent_id":[]},{"id":"S40","task_size":8679,"parent_id":[]},{"id":"S41","task_size":9377,"parent_id":[]},{"id":"S42","task_size":2371,"parent_id":[]},{"id":"S43","task_size":6666,"parent_id":[]},{"id":"S44","task_size":4936,"parent_id":[]},{"id":"S45","task_size":7541,"parent_id":[]},{"id":"S46","task_size":2044,"parent_id":[]},{"id":"S47","task_size":5239,"parent_id":[]},{"id":"S48","task_size":1369,"parent_id":[]},{"id":"S49","task_size":1060,"parent_id":[]},{"id":"S50","task_size":7129,"parent_id":[]},{"id":"S51","task_size":9778,"parent_id":[]},{"id":"S52","task_size":9064,"parent_id":[]},{"id":"S53","task_size":5559,"parent_id":[]},{"id":"S54","task_size":5518,"parent_id":[]},{"id":"S55","task_size":6168,"parent_id":["S53","S52","S51","S54"]},{"id":"S56","task_size":7700,"parent_id":["S55"]},{"id":"S57","task_size":7465,"parent_id":["S55"]},{"id":"S58","task_size":6908,"parent_id":["S55"]},{"id":"S59","task_size":4011,"parent_id":["S56","S55"]},{"id":"S60","task_size":1498,"parent_id":["S55"]},{"id":"S61","task_size":2945,"parent_id":["S59","S58","S31","S60","S57","S55"]},{"id":"S62","task_size":485,"parent_id":["S70","S80","S71","S81","S82","S69","S79","S78","S77","S64","S76","S63","S84","S66","S75","S83","S65","S74","S68","S73","S85","S67","S72"]},{"id":"S63","task_size":4956,"parent_id":[]},{"id":"S64","task_size":2346,"parent_id":[]},{"id":"S65","task_size":4648,"parent_id":[]},{"id":"S66","task_size":1019,"parent_id":[]},{"id":"S67","task_size":5194,"parent_id":[]},{"id":"S68","task_size":4983,"parent_id":[]},{"id":"S69","task_size":9937,"parent_id":[]},{"id":"S70","task_size":3853,"parent_id":[]},{"id":"S71","task_size":1414,"parent_id":[]},{"id":"S72","task_size":134,"parent_id":[]},{"id":"S73","task_size":4538,"parent_id":[]},{"id":"S74","task_size":8271,"parent_id":[]},{"id":"S75","task_size":4858,"parent_id":[]},{"id":"S76","task_size":5642,"parent_id":[]},{"id":"S77","task_size":8856,"parent_id":[]},{"id":"S78","task_size":4717,"parent_id":[]},{"id":"S79","task_size":8542,"parent_id":[]},{"id":"S80","task_size":4062,"parent_id":[]},{"id":"S81","task_size":2097,"parent_id":[]},{"id":"S82","task_size":9650,"parent_id":[]},{"id":"S83","task_size":5949,"parent_id":[]},{"id":"S84","task_size":7143,"parent_id":[]},{"id":"S85","task_size":1807,"parent_id":[]},{"id":"S86","task_size":1561,"parent_id":[]},{"id":"S87","task_size":5628,"parent_id":[]},{"id":"S88","task_size":106,"parent_id":[]},{"id":"S89","task_size":6932,"parent_id":[]},{"id":"S90","task_size":7131,"parent_id":["S88","S87","S89","S86"]},{"id":"S91","task_size":8505,"parent_id":["S90"]},{"id":"S92","task_size":707,"parent_id":["S90"]},{"id":"S93","task_size":5263,"parent_id":["S90"]},{"id":"S94","task_size":9600,"parent_id":["S91","S90"]},{"id":"S95","task_size":7079,"parent_id":["S90"]},{"id":"S96","task_size":2689,"parent_id":["S94","S95","S62","S90","S93","S92"]},{"id":"S97","task_size":3276,"parent_id":[]},{"id":"S98","task_size":1488,"parent_id":[]},{"id":"S99","task_size":3810,"parent_id":[]}]}