{"tasks":[{"id":"C0","task_size":6024,"parent_id":["C6","C4","C8","C43","C35","C45","C33","C20","C12","C31","C22","C41","C10","C24","C16","C14","C27","C47","C29","C39","C49","C18","C37"]},{"id":"C1","task_size":3063,"parent_id":["C5","C3","C9","C7","C34","C44","C32","C46","C30","C21","C40","C13","C23","C42","C11","C17","C26","C28","C15","C38","C48","C36","C19"]},{"id":"C2","task_size":516,"parent_id":[]},{"id":"C3","task_size":9328,"parent_id":["C2"]},{"id":"C4","task_size":8767,"parent_id":["C3"]},{"id":"C5","task_size":7540,"parent_id":["C2"]},{"id":"C6","task_size":9033,"parent_id":["C5"]},{"id":"C7","task_size":8548,"parent_id":["C2"]},{"id":"C8","task_size":6656,"parent_id":["C7"]},{"id":"C9","task_size":2381,"parent_id":["C2"]},{"id":"C10","task_size":7794,"parent_id":["C9"]},{"id":"C11","task_size":3110,"parent_id":["C2"]},{"id":"C12","task_size":8093,"parent_id":["C11"]},{"id":"C13","task_size":9394,"parent_id":["C2"]},{"id":"C14","task_size":4799,"parent_id":["C13"]},{"id":"C15","task_size":6750,"parent_id":["C2"]},{"id":"C16","task_size":6415,"parent_id":["C15"]},{"id":"C17","task_size":5650,"parent_id":["C2"]},{"id":"C18","task_size":9357,"parent_id":["C17"]},{"id":"C19","task_size":4813,"parent_id":["C2"]},{"id":"C20","task_size":1135,"parent_id":["C19"]},{"id":"C21","task_size":4139,"parent_id":["C2"]},{"id":"C22","task_size":7211,"parent_id":["C21"]},{"id":"C23","task_size":2508,"parent_id":["C2"]},{"id":"C24","task_size":2344,"parent_id":["C23"]},{"id":"C25","task_size":2346,"parent_id":[]},{"id":"C26","task_size":7956,"parent_id":["C25"]},{"id":"C27","task_size":5831,"parent_id":["C26"]},{"id":"C28","task_size":869,"parent_id":["C25"]},{"id":"C29","task_size":5407,"parent_id":["C28"]},{"id":"C30","task_size":716,"parent_id":["C25"]},{"id":"C31","task_size":5373,"parent_id":["C30"]},{"id":"C32","task_size":1998,"parent_id":["C25"]},{"id":"C33","task_size":1590,"parent_id":["C32"]},{"id":"C34","task_size":538,"parent_id":["C25"]},{"id":"C35","task_size":6496,"parent_id":["C34"]},{"id":"C36","task_size":7323,"parent_id":["C25"]},{"id":"C37","task_size":2332,"parent_id":["C36"]},{"id":"C38","task_size":3232,"parent_id":["C25"]},{"id":"C39","task_size":598,"parent_id":["C38"]},{"id":"C40","task_size":4682,"parent_id":["C25"]},{"id":"C41","task_size":1078,"parent_id":["C40"]},{"id":"C42","task_size":921,"parent_id":["C25"]},{"id":"C43","task_size":5431,"parent_id":["C42"]},{"id":"C44","task_size":4538,"parent_id":["C25"]},{"id":"C45","task_size":2581,"parent_id":["C44"]},{"id":"C46","task_size":2966,"parent_id":["C25"]},{"id":"C47","task_size":2993,"parent_id":["C46"]},{"id":"C48","task_size":4695,"parent_id":["C25"]},{"id":"C49","task_size":508,"parent_id":["C48"]},{"id":"E0","task_size":54442,"parent_id":[]},{"id":"E1","task_size":40908,"parent_id":["E0"]},{"id":"E2","task_size":30824,"parent_id":["E0"]},{"id":"E3","task_size":2096,"parent_id":["E0"]},{"id":"E4","task_size":95616,"parent_id":["E0"]},{"id":"E5","task_size":49927,"parent_id":["E0"]},{"id":"E6","task_size":43702,"parent_id":["E1"]},{"id":"E7","task_size":50045,"parent_id":["E2"]},{"id":"E8","task_size":89466,"parent_id":["E3"]},{"id":"E9","task_size":61201,"parent_id":["E4"]},{"id":"E10","task_size":8718,"parent_id":["E5"]},{"id":"E11","task_size":97849,"parent_id":["E6"]},{"id":"E12","task_size":65941,"parent_id":["E7"]},{"id":"E13","task_size":37922,"parent_id":["E8"]},{"id":"E14","task_size":58495,"parent_id":["E9"]},{"id":"E15","task_size":84163,"parent_id":["E10"]},{"id":"E16","task_size":90427,"parent_id":["E11"]},{"id":"E17","task_size":29593,"parent_id":["E12"]},{"id":"E18","task_size":11593,"parent_id":["E13"]},{"id":"E19","task_size":80897,"parent_id":["E14"]},{"id":"E20","task_size":21500,"parent_id":["E15"]},{"id":"E21","task_size":29950,"parent_id":["E20","E16","E17","E18","E19"]},{"id":"E22","task_size":41760,"parent_id":["E21"]},{"id":"E23","task_size":21610,"parent_id":["E22"]},{"id":"I0","task_size":572,"parent_id":[]},{"id":"I1","task_size":4218,"parent_id":[]},{"id":"I2","task_size":3743,"parent_id":[]},{"id":"I3","task_size":6660,"parent_id":[]},{"id":"I4","task_size":9332,"parent_id":[]},{"id":"I5","task_size":3449,"parent_id":[]},{"id":"I6","task_size":6092,"parent_id":[]},{"id":"I7","task_size":5781,"parent_id":["I0"]},{"id":"I8","task_size":4284,"parent_id":["I1"]},{"id":"I9","task_size":2191,"parent_id":["I2"]},{"id":"I10","task_size":8320,"parent_id":["I3"]},{"id":"I11","task_size":6385,"parent_id":["I4"]},{"id":"I12","task_size":1439,"parent_id":["I5"]},{"id":"I13","task_size":3699,"parent_id":["I6"]},{"id":"I14","task_size":1280,"parent_id":["I12","I13","I10","I11","I9","I8","I7"]},{"id":"I15","task_size":7152,"parent_id":["I14"]},{"id":"I16","task_size":3635,"parent_id":["I14"]},{"id":"I17","task_size":9107,"parent_id":["I14"]},{"id":"I18","task_size":846,"parent_id":["I14"]},{"id":"I19","task_size":7179,"parent_id":["I14"]},{"id":"I20","task_size":8137,"parent_id":["I14"]},{"id":"I21","task_size":9549,"parent_id":["I14"]},{"id":"I22","task_size":1816,"parent_id":["I15"]},{"id":"I23","task_size":3575,"parent_id":["I16"]},{"id":"I24","task_size":2913,"parent_id":["I17"]},{"id":"I25","task_size":3680,"parent_id":["I18"]},{"id":"I26","task_size":9599,"parent_id":["I19"]},{"id":"I27","task_size":984,"parent_id":["I20"]},{"id":"I28","task_size":9576,"parent_id":["I21"]},{"id":"I29","task_size":6880,"parent_id":["I22","I23","I24","I25","I26","I27","I28"]},{"id":"M0","task_size":93492,"parent_id":[]},{"id":"M1","task_size":76158,"parent_id":[]},{"id":"M2","task_size":29242,"parent_id":[]},{"id":"M3","task_size":14598,"parent_id":[]},{"id":"M4","task_size":9510,"parent_id":[]},{"id":"M5","task_size":12592,"parent_id":[]},{"id":"M6","task_size":35086,"parent_id":[]},{"id":"M7","task_size":12137,"parent_id":[]},{"id":"M8","task_size":93316,"parent_id":["M0"]},{"id":"M9","task_size":9836,"parent_id":["M1","M0"]},{"id":"M10","task_size":49618,"parent_id":["M2","M0"]},{"id":"M11","task_size":11637,"parent_id":["M0","M3"]},{"id":"M12","task_size":39231,"parent_id":["M0","M5"]},{"id":"M13","task_size":21939,"parent_id":["M1","M0"]},{"id":"M14","task_size":17706,"parent_id":["M1"]},{"id":"M15","task_size":23695,"parent_id":["M2","M1"]},{"id":"M16","task_size":78969,"parent_id":["M1","M4"]},{"id":"M17","task_size":92789,"parent_id":["M1","M7"]},{"id":"M18","task_size":42454,"parent_id":["M2"]},{"id":"M19","task_size":96317,"parent_id":["M2","M3"]},{"id":"M20","task_size":9492,"parent_id":["M1","M3"]},{"id":"M21","task_size":91763,"parent_id":["M3"]},{"id":"M22","task_size":31552,"parent_id":["M4","M3"]},{"id":"M23","task_size":3959,"parent_id":["M5","M3"]},{"id":"M24","task_size":47348,"parent_id":["M0","M4"]},{"id":"M25","task_size":65637,"parent_id":["M4","M3"]},{"id":"M26","task_size":26869,"parent_id":["M4"]},{"id":"M27","task_size":84827,"parent_id":["M0","M5"]},{"id":"M28","task_size":25684,"parent_id":["M1","M5"]},{"id":"M29","task_size":2052,"parent_id":["M5","M3"]},{"id":"M30","task_size":45540,"parent_id":["M6","M5"]},{"id":"M31","task_size":86662,"parent_id":["M6","M4"]},{"id":"M32","task_size":79989,"parent_id":["M2","M7"]},{"id":"M33","task_size":51610,"parent_id":["M3","M7"]},{"id":"M34","task_size":21455,"parent_id":["M5","M7"]},{"id":"M35","task_size":84023,"parent_id":["M7"]},{"id":"M36","task_size":23467,"parent_id":["M9","M8","M34","M35","M32","M33","M12","M30","M13","M31","M10","M11","M16","M17","M14","M15","M18","M19","M20","M21","M22","M23","M24","M25","M26","M27","M28","M29"]},{"id":"M37","task_size":19555,"parent_id":["M36"]},{"id":"M38","task_size":96654,"parent_id":["M0","M37"]},{"id":"M39","task_size":45553,"parent_id":["M1","M37"]},{"id":"M40","task_size":7027,"parent_id":["M2","M37"]},{"id":"M41","task_size":18693,"parent_id":["M3","M37"]},{"id":"M42","task_size":22996,"parent_id":["M4","M37"]},{"id":"M43","task_size":88131,"parent_id":["M5","M37"]},{"id":"M44","task_size":54696,"parent_id":["M6","M37"]},{"id":"M45","task_size":25765,"parent_id":["M7","M37"]},{"id":"M46","task_size":90479,"parent_id":["M43","M44","M45","M40","M41","M42","M38","M39"]},{"id":"M47","task_size":67011,"parent_id":["M46"]},{"id":"M48","task_size":6163,"parent_id":["M47"]},{"id":"M49","task_size":53795,"parent_id":["M48"]},{"id":"S0","task_size":5126,"parent_id":["S2","S1","S6","S5","S4","S3","S9","S8","S7","S12","S13","S10","S11","S16","S17","S14","S15","S18","S19"]},{"id":"S1","task_size":8916,"parent_id":[]},{"id":"S2","task_size":3820,"parent_id":[]},{"id":"S3","task_size":15,"parent_id":[]},{"id":"S4","task_size":4087,"parent_id":[]},{"id":"S5","task_size":8152,"parent_id":[]},{"id":"S6","task_size":2441,"parent_id":[]},{"id":"S7","task_size":6636,"parent_id":[]},{"id":"S8","task_size":6103,"parent_id":[]},{"id":"S9","task_size":9301,"parent_id":[]},{"id":"S10","task_size":9610,"parent_id":[]},{"id":"S11","task_size":7570,"parent_id":[]},{"id":"S12","task_size":3819,"parent_id":[]},{"id":"S13","task_size":4775,"parent_id":[]},{"id":"S14","task_size":3086,"parent_id":[]},{"id":"S15","task_size":6891,"parent_id":[]},{"id":"S16","task_size":6127,"parent_id":[]},{"id":"S17","task_size":8064,"parent_id":[]},{"id":"S18","task_size":3047,"parent_id":[]},{"id":"S19","task_size":4939,"parent_id":[]},{"id":"S20","task_size":4544,"parent_id":[]},{"id":"S21","task_size":1859,"parent_id":[]},{"id":"S22","task_size":1838,"parent_id":[]},{"id":"S23","task_size":1658,"parent_id":[]},{"id":"S24","task_size":4932,"parent_id":["S20","S21","S22","S23"]},{"id":"S25","task_size":7725,"parent_id":["S24"]},{"id":"S26","task_size":9631,"parent_id":["S24"]},{"id":"S27","task_size":1309,"parent_id":["S24"]},{"id":"S28","task_size":7665,"parent_id":["S24","S25"]},{"id":"S29","task_size":9550,"parent_id":["S24"]},{"id":"S30","task_size":3719,"parent_id":["S0","S24","S26","S27","S28","S29"]},{"id":"S31","task_size":2181,"parent_id":["S34","S43","S35","S44","S45","S32","S46","S33","S40","S41","S42","S50","S47","S38","S48","S39","S49","S36","S37"]},{"id":"S32","task_size":7649,"parent_id":[]},{"id":"S33","task_size":852,"parent_id":[]},{"id":"S34","task_size":5435,"parent_id":[]},{"id":"S35","task_size":1106,"parent_id":[]},{"id":"S36","task_size":8254,"parent_id":[]},{"id":"S37","task_size":7155,"parent_id":[]},{"id":"S38","task_size":4216,"parent_id":[]},{"id":"S39","task_size":2708,"parent_id":[]},{"id":"S40","task_size":8679,"parent_id":[]},{"id":"S41","task_size":9377,"parent_id":[]},{"id":"S42","task_size":2371,"parent_id":[]},{"id":"S43","task_size":6666,"parent_id":[]},{"id":"S44","task_size":4936,"parent_id":[]},{"id":"S45","task_size":7541,"parent_id":[]},{"id":"S46","task_size":2044,"parent_id":[]},{"id":"S47","task_size":5239,"parent_id":[]},{"id":"S48","task_size":1369,"parent_id":[]},{"id":"S49","task_size":1060,"parent_id":[]},{"id":"S50","task_size":7129,"parent_id":[]},{"id":"S51","task_size":9778,"parent_id":[]},{"id":"S52","task_size":9064,"parent_id":[]},{"id":"S53","task_size":5559,"parent_id":[]},{"id":"S54","task_size":5518,"parent_id":[]},{"id":"S55","task_size":6168,"parent_id":["S53","S52","S51","S54"]},{"id":"S56","task_size":7700,"parent_id":["S55"]},{"id":"S57","task_size":7465,"parent_id":["S55"]},{"id":"S58","task_size":6908,"parent_id":["S55"]},{"id":"S59","task_size":4011,"parent_id":["S56","S55"]},{"id":"S60","task_size":1498,"parent_id":["S55"]},{"id":"S61","task_size":2945,"parent_id":["S59","S58","S31","S60","S57","S55"]},{"id":"S62","task_size":485,"parent_id":["S70","S80","S71","S81","S82","S69","S79","S78","S77","S64","S76","S63","S84","S66","S75","S83","S65","S74","S68","S73","S85","S67","S72"]},{"id":"S63","task_size":4956,"parent_id":[]},{"id":"S64","task_size":2346,"parent_id":[]},{"id":"S65","task_size":4648,"parent_id":[]},{"id":"S66","task_size":1019,"parent_id":[]},{"id":"S67","task_size":5194,"parent_id":[]},{"id":"S68","task_size":4983,"parent_id":[]},{"id":"S69","task_size":9937,"parent_id":[]},{"id":"S70","task_size":3853,"parent_id":[]},{"id":"S71","task_size":1414,"parent_id":[]},{"id":"S72","task_size":134,"parent_id":[]},{"id":"S73","task_size":4538,"parent_id":[]},{"id":"S74","task_size":8271,"parent_id":[]},{"id":"S75","task_size":4858,"parent_id":[]},{"id":"S76","task_size":5642,"parent_id":[]},{"id":"S77","task_size":8856,"parent_id":[]},{"id":"S78","task_size":4717,"parent_id":[]},{"id":"S79","task_size":8542,"parent_id":[]},{"id":"S80","task_size":4062,"parent_id":[]},{"id":"S81","task_size":2097,"parent_id":[]},{"id":"S82","task_size":9650,"parent_id":[]},{"id":"S83","task_size":5949,"parent_id":[]},{"id":"S84","task_size":7143,"parent_id":[]},{"id":"S85","task_size":1807,"parent_id":[]},{"id":"S86","task_size":1561,"parent_id":[]},{"id":"S87","task_size":5628,"parent_id":[]},{"id":"S88","task_size":106,"parent_id":[]},{"id":"S89","task_size":6932,"parent_id":[]},{"id":"S90","task_size":7131,"parent_id":["S88","S87","S89","S86"]},{"id":"S91","task_size":8505,"parent_id":["S90"]},{"id":"S92","task_size":707,"parent_id":["S90"]},{"id":"S93","task_size":5263,"parent_id":["S90"]},{"id":"S94","task_size":9600,"parent_id":["S91","S90"]},{"id":"S95","task_size":7079,"parent_id":["S90"]},{"id":"S96","task_size":2689,"parent_id":["S94","S95","S62","S90","S93","S92"]},{"id":"S97","task_size":3276,"parent_id":[]},{"id":"S98","task_size":1488,"parent_id":[]},{"id":"S99","task_size":3810,"parent_id":[]}]}